CNPJ, ANS, UF, RazaoSocial, TotalDespesas, média, desvioPadrao
92693118000160, 005711, RJ, BRADESCO SAÚDE S.A, Seguradora Especializada em Saúde, 33279553330.42, 11093184443.47, 4.79878208991896E9
29309127000179, 326305, SP, AMIL ASSISTÊNCIA MÉDICA INTERNACIONAL S.A, Medicina de Grupo, 17433820239.05, 5811273413.02, 2.3932541038003707E9
01685053000156, 006246, RJ, SUL AMERICA COMPANHIA DE SEGURO SAÚDE, Seguradora Especializada em Saúde, 17076196702.24, 5692065567.41, 2.4558947642181644E9
33719485000127, 346659, DF, CAIXA DE ASSISTÊNCIA DOS FUNCIONÁRIOS DO BANCO DO BRASIL, Autogestão, 11088330976.47, 3696110325.49, 1.5991201064786506E9
44649812000138, 359017, SP, NOTRE DAME INTERMÉDICA SAÚDE S.A, Medicina de Grupo, 6627911681.41, 2209303893.80, 8.495964880662724E8
04540010000170, 000582, SP, PORTO SEGURO - SEGURO SAÚDE S/A, Seguradora Especializada em Saúde, 5473631795.41, 1824543931.80, 8.190403287709279E8
31432792000105, 312363, RJ, UNIMED DO EST. DO RJ FEDERAÇÃO EST. DAS COOPERATIVAS MÉDICAS, Cooperativa Médica, 4891594127.63, 1630531375.88, 7.232972843397852E8
03658432000182, 323080, DF, GEAP AUTOGESTÃO EM SAÚDE, Autogestão, 4646743779.81, 1548914593.27, 6.082695600982355E8
16513178000176, 343889, MG, UNIMED BELO HORIZONTE COOPERATIVA DE TRABALHO MÉDICO, Cooperativa Médica, 4540299649.71, 1513433216.57, 6.590973939218044E8
02812468000106, 339679, SP, UNIMED NACIONAL - COOPERATIVA CENTRAL, Cooperativa Médica, 4071553964.48, 1357184654.83, 6.538083692247207E8
87096616000196, 352501, RS, UNIMED PORTO ALEGRE - COOPERATIVA MÉDICA LTDA, Cooperativa Médica, 3506965916.01, 1168988638.67, 5.183103121764271E8
63554067000198, 368253, CE, HAPVIDA ASSISTENCIA MEDICA S.A, Medicina de Grupo, 3422878986.60, 1140959662.20, 4.979160091383094E8
46124624000111, 335690, SP, UNIMED CAMPINAS - COOPERATIVA DE TRABALHO MÉDICO, Cooperativa Médica, 3238554771.02, 1079518257.01, 4.646773496998779E8
00461479000163, 302147, SP, PREVENT SENIOR PRIVATE OPERADORA DE SAÚDE LTDA, Medicina de Grupo, 3174333282.14, 1058111094.05, 6.583466127415881E8
75055772000120, 304701, PR, UNIMED CURITIBA - SOCIEDADE COOPERATIVA DE MÉDICOS, Cooperativa Médica, 3109144433.03, 1036381477.68, 4.5353136516223985E8
02725347000127, 379956, SP, CARE PLUS MEDICINA ASSISTENCIAL LTDA, Medicina de Grupo, 2985709194.72, 995236398.24, 4.3984655542040336E8
04487255000181, 000701, SP, UNIMED SEGUROS SAÚDE S/A, Seguradora Especializada em Saúde, 2941285545.19, 980428515.06, 4.333163218819147E8
02476067000122, 382876, GO, UNIMED GOIANIA COOPERATIVA DE TRABALHO MÉDICO, Cooperativa Médica, 2808624094.55, 936208031.52, 3.9040109585523087E8
50565317000143, 424188, GO, SERV  SOCIAL AUTÔNOMO DE ASSIST À SAÚDE DOS SERV PÚBLICOS E MILITARES DE GOIÁS, Autogestão, 2781489204.55, 1390744602.28, 2.88953709755E8
44673382000190, 359661, SP, OMINT SERVIÇOS DE SAÚDE S.A, Medicina de Grupo, 2737049163.99, 912349721.33, 4.0609271213278854E8
31925548000176, 309222, RJ, GRUPO HOSPITALAR DO RIO DE JANEIRO LTDA, Medicina de Grupo, 2368939464.62, 789646488.21, 3.2651083787029344E8
62465117000106, 315478, SP, FUNDAÇÃO CESP, Autogestão, 1962662071.48, 654220690.49, 2.927280866584101E8
73809352000166, 312126, MG, FUNDAÇÃO SAÚDE ITAÚ, Autogestão, 1903007021.89, 634335673.96, 2.76860334314922E8
05868278000107, 317144, CE, UNIMED DE FORTALEZA SOCIEDADE COOPERATIVA MÉDICA LTDA, Cooperativa Médica, 1750265888.18, 583421962.73, 2.475419542214475E8
00628107000189, 346926, DF, FUNDAÇÃO ASSISTENCIAL DOS SERVIDORES DO MINISTÉRIO DA FAZENDA, Autogestão, 1744610782.57, 581536927.52, 2.1703710993414876E8
04201372000137, 303976, PA, UNIMED BELÉM COOPERATIVA DE TRABALHO MÉDICO, Cooperativa Médica, 1573498086.50, 524499362.17, 2.1131632636781788E8
27578434000120, 357391, ES, UNIMED VITORIA COOPERATIVA DE TRABALHO MEDICO, Cooperativa Médica, 1514469668.75, 504823222.92, 2.2287125088551545E8
08680639000177, 321044, PB, UNIMED JOAO PESSOA - COOPERATIVA DE TRABALHO MÉDICO, Cooperativa Médica, 1388807672.80, 462935890.93, 1.9713520028559402E8
11214624000128, 344885, PE, UNIMED RECIFE COOPERATIVA DE TRABALHO MÉDICO, Cooperativa Médica, 1380756115.88, 460252038.63, 1.9999214495105436E8
03533726000188, 342084, MT, UNIMED CUIABA COOPERATIVA DE TRABALHO MÉDICO, Cooperativa Médica, 1319828595.86, 439942865.29, 1.8135858128669733E8
62231527000184, 352331, SP, CAIXA BENEFICENTE DOS FUNCIONARIOS DO BANCO DO ESTADO DE SÃO PAULO, Autogestão, 1220064974.13, 406688324.71, 1.8026165168737173E8
45100138000109, 335100, SP, UNIMED SAO JOSÉ DO RIO PRETO - COOP. DE TRABALHO MÉDICO, Cooperativa Médica, 1206903746.45, 402301248.82, 1.770064310717275E8
04311093000126, 413534, MS, CAIXA DE ASSISTENCIA DOS SERVIDORES DO ESTADO DE MATO GROSSO DO SUL, Autogestão, 1165024791.93, 388341597.31, 1.5213660197558856E8
58119199000151, 301949, SP, ODONTOPREV S/A, Odontologia de Grupo, 1059023330.26, 353007776.75, 1.513691230780427E8
08380701000105, 335592, RN, UNIMED NATAL SOC. COOP. DE TRAB. MÉDICO, Cooperativa Médica, 1003243759.86, 334414586.62, 1.3683885657984534E8
31466949000105, 335614, ES, SAMEDIL SERVIÇOS DE ATENDIMENTO MÉDICO S/A, Medicina de Grupo, 944390200.51, 314796733.50, 1.4703110843901768E8
77858611000108, 360449, SC, UNIMED GRANDE FLORIANÓPOLIS-COOPERATIVA DE TRABALHO MEDICO, Cooperativa Médica, 929008622.30, 309669540.77, 1.3185413109599665E8
12442737000143, 327689, AL, UNIMED MACEIO COOPERATIVA DE TRABALHO MÉDICO, Cooperativa Médica, 926043557.81, 308681185.94, 1.265183273157492E8
62550256000120, 348520, CE, NOTRE DAME INTERMÉDICA MINAS GERAIS SAÚDE S.A, Medicina de Grupo, 847595884.83, 282531961.61, 1.1792704859201786E8
75222224000147, 343269, PR, UNIMED DE LONDRINA COOPERATIVA DE TRABALHO MÉDICO, Cooperativa Médica, 838137984.73, 279379328.24, 1.1766933856365868E8
58229691000180, 355721, SP, UNIMED DE SANTOS COOP DE TRAB MEDICO, Cooperativa Médica, 800285948.60, 266761982.87, 1.1517214031204945E8
12055813000168, 417505, MG, CEMIG SAÚDE, Autogestão, 766736815.60, 255578938.53, 1.0786708078776646E8
03315918000118, 312851, MS, UNIMED CAMPO GRANDE MS COOPERATIVA DE TRABALHO MÉDICO, Cooperativa Médica, 745141654.04, 248380551.35, 1.030592283301486E8
17790718000121, 384577, MG, UNIMED UBERLÂNDIA COOPERATIVA REGIONAL TRABALHO MÉDICO LTDA, Cooperativa Médica, 729016250.24, 243005416.75, 9.35478273410667E7
18321477000134, 419249, SP, ASSOCIAÇÃO SANTA CASA SAÚDE DE SÃO JOSÉ DOS CAMPOS, Medicina de Grupo, 725863773.48, 241954591.16, 1.0283091458398551E8
03011072000122, 411256, SP, PLANO HOSPITAL SAMARITANO LTDA, Medicina de Grupo, 708337609.80, 236112536.60, 9.87913896533317E7
39419809000198, 331988, RJ, PASA - PLANO DE ASSISTENCIA A SAUDE DO APOSENTADO DA VALE, Autogestão, 680816087.76, 226938695.92, 9.918983882801656E7
87827689000100, 325571, RS, UNIMED SERRA GAUCHA/RS COOPERATIVA DE ASSISTENCIA A SAUDE LTDA, Cooperativa Médica, 660207685.50, 220069228.50, 9.750400043706317E7
76767219000182, 371254, PR, UNIMED REGIONAL MARINGÁ COOP.DE TRABALHO MÉDICO, Cooperativa Médica, 640733901.67, 213577967.22, 9.183992432718875E7
45399961000159, 348295, SP, UNIMED SOROCABA COOPERATIVA DE TRABALHO MÉDICO, Cooperativa Médica, 623836833.14, 207945611.05, 9.135577056696224E7
03518900000113, 419010, PR, INSTITUTO CURITIBA DE SAÚDE, Autogestão, 617653868.19, 205884622.73, 9.203585605481431E7
28630531000187, 343731, RJ, UNIMED-SÃO GONÇALO - NITERÓI - SOC.COOP.SERV.MED E HOSP LTDA, Cooperativa Médica, 602646967.22, 200882322.41, 8.041393909619085E7
25250820000162, 319121, MG, UNIMED DIVINOPOLIS - COOPERATIVA DE TRABALHO MEDICO LTDA, Cooperativa Médica, 583108569.90, 194369523.30, 8.812417804740134E7
84537141000138, 367095, AM, SAMEL PLANO DE SAÚDE LTDA, Medicina de Grupo, 573057599.90, 191019199.97, 8.200520083407113E7
19878404000100, 339954, MG, FUNDAÇÃO SÃO FRANCISCO XAVIER, Filantropia, 554224160.53, 184741386.84, 7.938507335165295E7
81170003000175, 370070, PR, UNIMED DE CASCAVEL COOPERATIVA DE TRABALHO MÉDICO, Cooperativa Médica, 543088497.80, 181029499.27, 7.815356127353118E7
50739135000141, 326500, SP, SOBAM CENTRO MÉDICO HOSPITALAR S.A, Medicina de Grupo, 534938333.49, 178312777.83, 7.347597416259563E7
05814777000103, 385697, CE, CAIXA DE ASSISTÊNCIA DOS FUNCIONÁRIOS DO BANCO DO NORDESTE DO BRASIL, Autogestão, 529841057.32, 176613685.77, 7.811457518276292E7
13360276000122, 337668, SE, UNIMED SERGIPE - COOPERATIVA DE TRABALHO MÉDICO, Cooperativa Médica, 529498872.42, 176499624.14, 6.955785653488217E7
45232246000127, 351202, SP, UNIMED DE RIBEIRAO PRETO - COOPERATIVA DE TRABALHO MÉDICO, Cooperativa Médica, 529114403.21, 176371467.74, 7.608769948272401E7
00361325000108, 357511, PI, HUMANA SAÚDE NORDESTE LTDA., Medicina de Grupo, 523412319.41, 174470773.14, 7.158705857623452E7
07241136000132, 353353, PI, UNIMED TERESINA - COOPERATIVA DE TRABALHO MÉDICO, Cooperativa Médica, 502150987.07, 167383662.36, 7.302569570663796E7
62635990000191, 317632, SP, ASSOCIACAO DOS AUDITORES FISCAIS DA RECEITA ESTADUAL DE SAO PAULO, Autogestão, 493467097.56, 164489032.52, 7.03250382809937E7
02403281000159, 342033, ES, SAMP ESPIRITO SANTO ASSISTENCIA MEDICA SA, Medicina de Grupo, 490520483.08, 163506827.69, 7.033218207235928E7
73967085000155, 353663, MT, UNIMED NORTE DO MATO GROSSO COOPERATIVA DE TRABALHO MÉDICO, Cooperativa Médica, 490096995.95, 163365665.32, 7.267744862677489E7
01387625000110, 349682, RS, DOCTOR CLIN OPERADORA DE PLANOS DE SAÚDE LTDA, Medicina de Grupo, 486186087.57, 162062029.19, 7.469266403883286E7
44857357000166, 380661, SP, METRUS INSTITUTO DE SEGURIDADE SOCIAL, Autogestão, 486164672.58, 162054890.86, 5.973345433717006E7
42160192000143, 317233, PE, FUNDAÇÃO CHESF DE ASSISTÊNCIA E SEGURIDADE SOCIAL, Autogestão, 483535702.46, 161178567.49, 7.664783749776462E7
62511019000150, 344800, SP, ALVORECER - ASSOCIAÇÃO DE SOCORROS MÚTUOS, Medicina de Grupo, 458713142.57, 152904380.86, 6.229205299382017E7
30036685000197, 324477, RJ, CAIXA DE PREVIDÊNCIA E ASSISTÊNCIA DOS SERVIDORES DA FUNDAÇÃO NACIONAL DE SAÚDE - CAPESESP, Autogestão, 452182075.06, 150727358.35, 6.016256367513755E7
76590884000143, 355691, SC, UNIMED DO ESTADO DE SANTA CATARINA FED. EST. DAS COOP. MÉD, Cooperativa Médica, 448811308.87, 149603769.62, 6.6961834682918616E7
13001218000102, 418021, SP, ASSOCIAÇÃO SANTA SAÚDE, Medicina de Grupo, 447854084.55, 149284694.85, 5.894221867909152E7
09433795000104, 418170, DF, QUALLITY PRÓ SAÚDE PLANO DE ASSISTÊNCIA MÉDICA LTDA, Medicina de Grupo, 441427289.51, 147142429.84, 6.00523872414984E7
02668512000156, 350249, SP, H.B. SAÚDE S/A, Medicina de Grupo, 438542970.62, 146180990.21, 6.063691101897807E7
15214919000155, 326861, BA, PROMÉDICA - PROTEÇÃO MEDICA A EMPRESAS S.A, Medicina de Grupo, 434724098.52, 144908032.84, 5.838639370119898E7
02849393000138, 366561, SP, BENSAUDE PLANO DE ASSISTENCIA MEDICA HOSPITALAR LTDA, Medicina de Grupo, 429708842.85, 143236280.95, 5.788583054948477E7
28714533000154, 344397, RJ, UNIMED NOVA IGUACU COOPERATIVA DE TRABALHO MEDICO, Cooperativa Médica, 424528147.54, 141509382.51, 5.457321032064768E7
49210966000142, 311847, SP, UNIMED REGIONAL DA BAIXA MOGIANA - COOPERATIVA DE TRABALHO MÉDICO, Cooperativa Médica, 423241594.91, 141080531.64, 5.976374693801564E7
87300448000109, 306398, RS, UNIMED - COOPERATIVA DE SERVIÇOS DE SAÚDE DOS VALES DO TAQUARI E RIO PARDO LTDA, Cooperativa Médica, 409913755.90, 136637918.63, 6.004296921629583E7
60214517000105, 331872, SP, UNIMED SAO JOSE DOS CAMPOS - COOPERATIVA DE TRABALHO MEDICO, Cooperativa Médica, 395294390.37, 131764796.79, 5.494449182656181E7
17689407000170, 306886, MG, UNIMED JUIZ DE FORA COOPERATIVA DE TRABALHO MÉDICO LTDA, Cooperativa Médica, 390636025.33, 130212008.44, 5.444242265128352E7
75054940000162, 355151, PR, FUNDAÇÃO COPEL DE PREVIDÊNCIA E ASSISTÊNCIA SOCIAL, Autogestão, 388405912.87, 129468637.62, 5.50856446861486E7
66872888000160, 336106, SP, UNIMED DE MARILIA COOPERATIVA DE TRABALHO MÉDICO, Cooperativa Médica, 384406414.75, 128135471.58, 5.4988806527392805E7
82624776000147, 334561, SC, UNIMED BLUMENAU - COOPERATIVA DE TRABALHO MEDICO, Cooperativa Médica, 382632189.17, 127544063.06, 5.76885904957449E7
02864364000145, 360244, SP, PLANO DE SAÚDE ANA COSTA LTDA, Medicina de Grupo, 380343281.95, 126781093.98, 5.2042866311200514E7
04299138000194, 415111, SP, BIOVIDA SAÚDE LTDA, Medicina de Grupo, 378482088.69, 126160696.23, 5.274365714111881E7
62638374000194, 303623, SP, CENTRO TRASMONTANO DE SAO PAULO, Medicina de Grupo, 375766395.88, 125255465.29, 5.341209279754159E7
44863959000126, 315796, SP, UNIMED DE PRESIDENTE PRUDENTE COOPERATIVA DE TRAB. MÉDICO, Cooperativa Médica, 375481876.50, 125160625.50, 5.793991258030436E7
43293604000186, 355097, SP, SANTA HELENA ASSISTÊNCIA MÉDICA S/A, Medicina de Grupo, 373693754.60, 124564584.87, 5.493486928565439E7
76882612000117, 340782, CE, CLINIPAM CLINICA PARANAENSE DE ASSISTENCIA MEDICA LTDA, Medicina de Grupo, 360607334.95, 120202444.98, 4.620530077791516E7
27452545000195, 421421, SP, 2CARE OPERADORA DE SAÚDE LTDA, Medicina de Grupo, 359277737.70, 119759245.90, 4.7293510429514766E7
44477823000188, 423173, SP, INTEGRA ASSISTENCIA MEDICA SA, Medicina de Grupo, 350204277.05, 116734759.02, 3.447565251050099E7
08707473000135, 367397, PB, UNIMED CAMPINA GRANDE - COOPERATIVA DE TRABALHO MEDICO LTDA, Cooperativa Médica, 348653674.51, 116217891.50, 4.43579605222036E7
02315431000172, 307319, RS, CAIXA DE ASSISTÊNCIA DOS EMPREGADOS DO BANCO DO ESTADO DO RIO GRANDE DO SUL, Autogestão, 341481883.54, 113827294.51, 5.11192213712284E7
34539000000186, 422029, RJ, KLINI PLANOS DE SAÚDE LTDA, Medicina de Grupo, 337814879.07, 112604959.69, 5.184279978739211E7
44803922000102, 315729, SP, UNIMED DE PIRACICABA SOCIEDADE COOPERATIVA DE SERVIÇOS MÉDICOS, Cooperativa Médica, 325445224.20, 108481741.40, 4.699604977253777E7
34269803000168, 331317, RJ, REAL GRANDEZA - FUNDAÇÃO DE PREVIDÊNCIA E ASSISTÊNCIA SOCIAL, Autogestão, 319096915.37, 106365638.46, 4.643036039263767E7
34266553000102, 421928, SP, ALICE OPERADORA LTDA, Medicina de Grupo, 315684640.44, 105228213.48, 5.3538522934539385E7
43643139000166, 319996, SP, UNIMED DO ESTADO DE SÃO PAULO - FEDERAÇÃO ESTADUAL DAS COOP. MÉDICAS, Cooperativa Médica, 309396773.10, 103132257.70, 3.7501018283106394E7
41077489000187, 422720, RJ, AMPLA PLANOS DE SAUDE LTDA, Medicina de Grupo, 309258111.53, 154629055.77, 2.9849448485E7
03849449000117, 411752, SP, ASSOCIAÇÃO ASSISTENCIAL DE SAÚDE SUPLEMENTAR CRUZ AZUL SAÚDE, Medicina de Grupo, 309110359.55, 103036786.52, 3.703726871021792E7
45359213000142, 354031, SP, UNIMED SÃO CARLOS - COOPERATIVA DE TRABALHO MÉDICO, Cooperativa Médica, 306731152.23, 102243717.41, 4.1213543792393014E7
24449225000198, 340952, PE, UNIMED CARUARU-COOPERATIVA DE TRABALHO MEDICO, Cooperativa Médica, 303283895.86, 101094631.95, 4.4411629581346534E7
54370630000187, 354562, SP, IRMANDADE DA SANTA CASA DE MISERICÓRDIA DE PIRACICABA, Filantropia, 295636110.81, 98545370.27, 4.7402825043494426E7
96509690000188, 344362, SP, SÃO LUCAS SAÚDE S/A, Medicina de Grupo, 291742125.24, 97247375.08, 3.969607445135122E7
95642179000197, 348180, PR, HUMANA SAÚDE LTDA, Medicina de Grupo, 284448810.01, 94816270.00, 3.838140178827297E7
21490586000190, 337188, MG, COOPERATIVA DE TRABALHO MÉDICO DE POUSO ALEGRE, Cooperativa Médica, 282926255.54, 94308751.85, 4.0723975078873366E7
42892281000184, 386588, MG, UNIMED GOVERNADOR VALADARES COOP. DE TRABALHO MÉDICO LTDA, Cooperativa Médica, 271602028.77, 90534009.59, 4.274553736619851E7
60975174000100, 314218, SP, ASSOCIAÇÃO DE BENEFICÊNCIA E FILANTROPIA SÃO CRISTOVÃO, Filantropia, 271310347.85, 90436782.62, 3.7990144210766636E7
77375897000162, 338648, PR, FUNDAÇÃO SANEPAR DE ASSISTÊNCIA SOCIAL, Autogestão, 271180616.50, 90393538.83, 3.3190620359623507E7
04558034000157, 414492, SP, LIFE EMPRESARIAL SAÚDE LTDA, Medicina de Grupo, 263364431.94, 87788143.98, 3.963751804889831E7
64924095000112, 303739, SP, SERMED-SAÚDE LTDA, Medicina de Grupo, 258624567.02, 86208189.01, 3.58744902941225E7
56727134000163, 303267, SP, UNIMED JUNDIAI - COOPERATIVA DE TRABALHO MÉDICO, Cooperativa Médica, 256984742.47, 85661580.82, 3.8143087801144704E7
87497368000195, 319708, RS, UNIMED SANTA MARIA/RS - COOPERATIVA DE ASSISTÊNCIA À SAÚDE LTDA, Cooperativa Médica, 256465224.70, 85488408.23, 3.668366450462147E7
03424929000136, 409243, RS, SAUDE PAS - MEDICINA E ODONTO, Autogestão, 256056353.30, 85352117.77, 3.6302700935848586E7
38499547000156, 353060, MG, UNIMED PATOS DE MINAS COOPERATIVA TRABALHO MÉDICO LTDA, Cooperativa Médica, 250782758.16, 83594252.72, 3.5601746026499055E7
11939445000158, 417530, SP, ASSOCIAÇÃO DE SAÚDE PORTUGUESA DE BENEFICÊNCIA, Medicina de Grupo, 249942717.91, 83314239.30, 3.683349231357278E7
40853020000120, 323268, PE, UNIMED VALE DO SÃO FRANCISCO COOPERATIVA DE TRABALHO MÉDICO, Cooperativa Médica, 249026258.72, 83008752.91, 3.4737965084720425E7
03657699000155, 361011, DF, SINDIFISCO NACIONAL - SINDICATO NACIONAL DOS AUDITORES-FISCAIS DA RECEITA FEDERAL DO BRASIL, Autogestão, 244107523.11, 81369174.37, 3.407979080934356E7
04202013000102, 415693, SP, POLICLIN SAÚDE S/A, Medicina de Grupo, 239267181.35, 79755727.12, 3.319534409491454E7
77781706000162, 349712, PR, UNIMED PONTA GROSSA COOPERATIVA DE TRABALHO MEDICO, Cooperativa Médica, 237313711.86, 79104570.62, 3.3586217686333574E7
36503186000149, 422339, RJ, LEVE SAUDE OPERADORA DE PLANOS DE SAUDE S.A, Medicina de Grupo, 237252518.94, 79084172.98, 3.807347923266861E7
32440968000125, 320706, ES, UNIMED SUL CAPIXABA COOPERATIVA DE TRABALHO MÉDICO, Cooperativa Médica, 236520466.47, 78840155.49, 3.336514652369203E7
35830868000101, 302953, RJ, UNIMED DE MACAÉ COOPERATIVA DE ASSISTÊNCIA À SAÚDE, Cooperativa Médica, 235571432.41, 78523810.80, 3.523687572089162E7
17774738000109, 354066, MG, UNIMED UBERABA COOPERATIVA DE TRABALHO MEDICO LTDA, Cooperativa Médica, 234990626.02, 78330208.67, 3.262298618752644E7
53678264000165, 358088, SP, UNIMED LESTE PAULISTA COOPERATIVA DE TRABALHO MÉDICO, Cooperativa Médica, 231457727.35, 77152575.78, 3.1654561906391285E7
01445199000124, 385255, SP, UNIHOSP SAÚDE LTDA, Medicina de Grupo, 227560098.89, 75853366.30, 3.199648534070471E7
44456036000150, 369659, SP, UNIMED DE BAURU COOPERATIVA DE TRABALHO MÉDICO, Cooperativa Médica, 224777809.20, 74925936.40, 3.267370971450294E7
00697509000135, 347507, RO, UNIMED CENTRO RONDÔNIA COOPERATIVA DE TRABALHO MÉDICO, Cooperativa Médica, 218326923.98, 72775641.33, 3.3973972635763384E7
03033006000153, 417548, RJ, CAIXA DE ASSISTÊNCIA OSWALDO CRUZ, Autogestão, 218071881.59, 72690627.20, 3.1146301340310168E7
08202035000115, 416568, MG, ASSOCIAÇÃO DE ASSISTÊNCIA À SAÚDE DOS EMPREGADOS DA COPASA, Autogestão, 210077225.14, 70025741.71, 2.811276319104346E7
82602327000106, 321273, SC, UNIMED DE JOINVILLE COOPERATIVA DE TRABALHO MÉDICO, Cooperativa Médica, 209167399.62, 69722466.54, 3.1514359670847755E7
00453863000114, 328537, SP, MED-TOUR ADMINISTRADORA DE BENEFÍCIOS E EMPREENDIMENTOS LTDA, Medicina de Grupo, 208178567.01, 69392855.67, 2.940995297235905E7
48628366000136, 369292, SP, UNIMED DE SANTA BÁRBARA D'OESTE E AMERICANA - COOP DE TRABALHO MÉDICO, Cooperativa Médica, 207836431.04, 69278810.35, 3.0767829959142268E7
42182170000184, 324361, RJ, CAIXA DE ASSISTÊNCIA À SAÚDE - CABERJ, Medicina de Grupo, 206987690.43, 68995896.81, 3.00086706845819E7
78339439000130, 312720, PR, UNIMED DO ESTADO DO PARANÁ FEDERAÇÃO ESTADUAL DAS COOPERATIVAS MÉDICAS, Cooperativa Médica, 205794475.32, 68598158.44, 2.9982118863476627E7
02752923000125, 310522, DF, PROASA SAÚDE, Medicina de Grupo, 205340609.18, 68446869.73, 3.2916928475048047E7
60961422000155, 420077, SP, SERVIÇO SOCIAL DA INDÚSTRIA DO PAPEL, PAPELÃO E CORTIÇA DO ESTADO DE SÃO PAULO - SEPACO, Autogestão, 203168138.97, 67722712.99, 2.969629570685444E7
00660903000107, 315567, MG, FUNDAÇÃO AFFEMG DE ASSISTÊNCIA E SAÚDE - FUNDAFFEMG, Autogestão, 202601549.06, 67533849.69, 2.8222419490419857E7
29135795000127, 335479, RJ, UNIMED NOVA FRIBURGO-SOC.COOP.SERV.MED.HOSP.LTDA, Cooperativa Médica, 198677751.24, 66225917.08, 2.63650095913658E7
83367342000171, 406554, PA, ASSOCIAÇÃO ADVENTISTA NORTE BRASILEIRA DE PREVENÇÃO E ASSISTÊNCIA A SAÚDE, Filantropia, 197673078.91, 65891026.30, 2.776545780813507E7
05011316000100, 414352, SP, HBC SAÚDE LTDA, Medicina de Grupo, 195834826.08, 65278275.36, 2.805460134420156E7
80871551000160, 370681, PR, UNIMED PATO BRANCO SOCIEDADE COOPERATIVA DE MÉDICOS, Cooperativa Médica, 195672246.79, 65224082.26, 2.7324392963288095E7
59847780000152, 327417, SP, AUSTACLINICAS ASSISTÊNCIA MÉDICA E HOSPITALAR LTDA, Medicina de Grupo, 193577124.13, 64525708.04, 2.997380304405088E7
73395469000140, 316873, MG, CAIXA DE ASSISTENCIA A SAUDE DA UNIVERSIDADE, Autogestão, 191420820.36, 63806940.12, 2.758009806635728E7
16415598000110, 350371, BA, UNIMED DO SUDOESTE COOPERATIVA DE TRABALHO MEDICO LTDA, Cooperativa Médica, 188385499.65, 62795166.55, 2.6668647320991945E7
02862447000103, 372609, PR, NOSSA SAÚDE - OPERADORA PLANOS PRIVADOS DE ASSISTÊNCIA  À SAÚDE LTDA, Medicina de Grupo, 185117063.44, 61705687.81, 2.5541229140221108E7
07583396000196, 356123, CE, UNIMED DO CARIRI - SOCIEDADE COOPERATIVA MÉDICA LTDA, Cooperativa Médica, 182687821.29, 60895940.43, 2.7532818218598515E7
69259356000140, 324493, SP, S.P.A SAUDE- SISTEMA DE PROMOÇÃO ASSISTENCIAL, Autogestão, 180998446.17, 60332815.39, 2.476348885815863E7
14946109000120, 419141, SP, ASSOCIAÇÃO SÃO FRANCISCO VIDA, Medicina de Grupo, 179917209.45, 59972403.15, 2.683237441792009E7
00950062000164, 350699, SP, CENTRO HOSPITALAR ATIBAIA LTDA, Medicina de Grupo, 179642797.77, 59880932.59, 2.7399347889811303E7
00773639000100, 392804, CE, CENTRO CLÍNICO GAÚCHO LTDA, Medicina de Grupo, 179133802.02, 59711267.34, 2.4703789835679222E7
12585261000108, 307751, PE, FUNDAÇAO COMPESA DE PREVIDENCIA E ASSISTENCIA - COMPESAPREV, Autogestão, 178787163.86, 59595721.29, 2.7002992440858867E7
85377174000120, 303356, SC, UNIMED LITORAL COOPERATIVA DE TRABALHO MÉDICO LTDA, Cooperativa Médica, 176773001.93, 58924333.98, 2.6987132090372827E7
83506030000100, 318299, SP, BENEFICENCIA CAMILIANA DO SUL, Filantropia, 173551278.56, 86775639.28, 3.2640987179999996E7
05657234000120, 337374, RO, UNIMED PORTO VELHO - SOCIEDADE COOPERATIVA MÉDICA LTDA, Cooperativa Médica, 170917761.64, 56972587.21, 2.6528071875901893E7
02597394000132, 314099, MT, UNIMED VALE DO SEPOTUBA - COOPERATIVA DE TRABALHO MÉDICO, Cooperativa Médica, 166854466.15, 55618155.38, 2.3543609666338425E7
35917970000130, 364584, RJ, UNIMED DE VOLTA REDONDA COOPERATIVA DE TRABALHO MÉDICO, Cooperativa Médica, 164553460.38, 54851153.46, 2.3556066103839435E7
37035441000139, 358053, GO, SELECT OPERADORA DE PLANO DE SAUDE LTDA, Medicina de Grupo, 161400208.28, 53800069.43, 3.7772539749777675E7
68668045000172, 401081, RJ, AMESC - ASSOCIAÇÃO MÉDICA ESPÍRITA CRISTÃ, Medicina de Grupo, 160139363.63, 53379787.88, 2.001132490292774E7
30460075000116, 418650, RJ, MÚTUA DOS MAGISTRADOS DO ESTADO DO RIO DE JANEIRO, Autogestão, 159251477.23, 53083825.74, 2.3696187245314218E7
04745753000187, 414581, BA, UNIÃO MÉDICA PLANOS DE SAÚDE S/A, Medicina de Grupo, 156998280.82, 52332760.27, 2.0722390078490928E7
87547444000120, 342556, RS, ASSOCIAÇÃO DR. BARTHOLOMEU TACCHINI, Filantropia, 155700782.32, 51900260.77, 2.375910272722552E7
45272366000158, 364312, SP, UNIMED DE ARARAQUARA - COOP. DE TRAB. MÉDICO, Cooperativa Médica, 155151934.43, 51717311.48, 2.20706024503083E7
23869306000184, 420158, SP, ASSOCIAÇÃO PADRE ALBINO SAÚDE, Medicina de Grupo, 154932019.92, 51644006.64, 2.5519025970480565E7
58837188000107, 346276, SP, UNIMED SALTO/ITU - COOPERATIVA MÉDICA, Cooperativa Médica, 154041277.30, 51347092.43, 2.0545587873612396E7
31240963000196, 382540, RJ, ASSOCIAÇÃO BENEFICENTE DOS PROFESSORES PÚBLICOS ATIVOS E INATIVOS DO RIO DE JANEIRO - APPAI, Medicina de Grupo, 153684616.73, 51228205.58, 2.3424073526691716E7
44663631000166, 306126, SP, UNIMED DE RIO CLARO SP COOPERATIVA DE TRABALHO MEDICO, Cooperativa Médica, 153467898.27, 51155966.09, 2.2044466377252758E7
41781949000153, 316148, MG, UNIMED POÇOS DE CALDAS - SOC. COOP. DE TRAB. E SERVIÇOS MÉDICOS, Cooperativa Médica, 151527871.79, 50509290.60, 2.333831426028643E7
31787625000179, 330809, ES, FUNDAÇÃO DE SEGURIDADE SOCIAL DA ARCELORMITTAL BRASIL - FUNSSEST, Autogestão, 148373919.11, 49457973.04, 1.7672958499352075E7
05029064000139, 414930, SP, SAÚDE SANTA TEREZA LTDA, Medicina de Grupo, 146625720.66, 48875240.22, 2.1197752655069347E7
07844436000106, 415774, RJ, CABERJ INTEGRAL SAÚDE S.A, Medicina de Grupo, 146385139.70, 48795046.57, 2.0574005424437556E7
17505793000101, 314668, MG, ABERTTA SAÚDE - ASSOCIAÇÃO BENEFICENTE DOS EMPREGADOS DA ARCELORMITTAL NO BRASIL, Autogestão, 145881291.52, 48627097.17, 2.106341387144962E7
40294225000112, 352683, RJ, UNIMED DE CAMPOS COOPERATIVA DE TRABALHO MÉDICO, Cooperativa Médica, 144996801.09, 48332267.03, 2.169079574356832E7
63367700000139, 359122, CE, CAIXA DE ASSISTÊNCIA DOS SERVIDORES FAZENDÁRIOS ESTADUAIS, Autogestão, 144867008.56, 48289002.85, 1.9867592961349577E7
88258884000120, 356417, RS, UNIMED VALE DO SINOS - COOPERATIVA DE ASSISTÊNCIA À SAÚDE LTDA, Cooperativa Médica, 144843631.76, 48281210.59, 2.203190183149007E7
08225953000160, 421197, SP, SANTA CASA DE MAUÁ SAÚDE, Medicina de Grupo, 143813062.57, 47937687.52, 2.0512363271117482E7
08097092000181, 416401, DF, CAIXA DE ASSISTÊNCIA DOS EMPREGADOS DA EMPRESA BRASILEIRA DE PESQUISA  AGROPECUÁRIA, Autogestão, 143748781.91, 47916260.64, 2.0660832207779363E7
88645403000139, 310247, RS, CIRCULO OPERARIO CAXIENSE, Medicina de Grupo, 142562381.27, 47520793.76, 2.127455731036423E7
14799035000147, 335754, BA, ASSOCIAÇÃO DOS SERVIDORES FISCAIS DO ESTADO DA BAHIA, Autogestão, 142319586.64, 47439862.21, 1.9850436338748258E7
45309606000141, 354783, SP, UNIMED FRANCA - SOCIEDADE COOPERATIVA DE SERVIÇOS MÉDICOS E HOSPITALARES, Cooperativa Médica, 141867300.26, 47289100.09, 2.081433075720239E7
26629238000174, 312347, GO, UNIMED ANÁPOLIS COOPERATIVA DE TRABALHO MÉDICO, Cooperativa Médica, 138527322.86, 46175774.29, 1.9296000101897664E7
15395999000192, 333662, MS, UNIMED DE DOURADOS COOPERATIVA DE TRABALHO MÉDICO LTDA, Cooperativa Médica, 138454729.40, 46151576.47, 2.0932511306819916E7
92741016000173, 417599, RS, ASSOCIAÇAO DOS FUNCIONARIOS PUBLICOS DO ESTADO DO RIO GRANDE DO SUL, Filantropia, 138115034.66, 46038344.89, 1.9230821198244154E7
51427540000197, 311294, SP, UNIMED DE OURINHOS - COOPERATIVA DE TRABALHO MÉDICO, Cooperativa Médica, 138107089.07, 46035696.36, 2.00107956229711E7
37382009000114, 363855, GO, CAIXA DE ASSISTÊNCIA DOS EMPREGADOS DA SANEAGO, Autogestão, 137703549.32, 45901183.11, 1.9243441033932313E7
02030246000131, 304131, SP, ASSOCIAÇÃO BENEFICENTE DE ASSISTÊNCIA A SAÚDE DOS JUÍZES DO TRABALHO DA 15ª REGIÃO (ABAS 15), Autogestão, 137600835.32, 45866945.11, 1.9752256016836505E7
10395358000114, 321958, CE, UNIMED DO CEARÁ - FEDERAÇÃO DAS SOCIEDADES COOPERATIVAS MÉDICAS DO ESTADO DO CEARÁ LTDA, Cooperativa Médica, 136411026.32, 45470342.11, 2.0132929946722507E7
10219897000100, 362140, PA, UNIMED OESTE DO PARÁ - COOPERATIVA DE TRABALHO MÉDICO, Cooperativa Médica, 136042176.96, 45347392.32, 1.8140878427845072E7
03273825000178, 406481, SP, METLIFE PLANOS ODONTOLÓGICOS LTDA, Odontologia de Grupo, 135627280.92, 45209093.64, 1.9061320868677653E7
66854779000110, 325236, SP, ASSISTÊNCIA MÉDICA SÃO MIGUEL LTDA, Medicina de Grupo, 134764581.08, 44921527.03, 2.008553739791478E7
00304148000110, 311359, PR, FUNDAÇÃO DE SAÚDE ITAIGUAPY, Medicina de Grupo, 133969715.19, 44656571.73, 2.0174831784452643E7
97388490000187, 324345, BA, UNIMED COSTA DO DESCOBRIMENTO COOPERATIVA DE TRABALHO MÉDICO, Cooperativa Médica, 132287141.53, 44095713.84, 1.9654051546496946E7
24676884000167, 359777, MT, UNIMED RONDONOPOLIS COOPERATIVA DE TRABALHO MÉDICO LTDA, Cooperativa Médica, 131342891.18, 43780963.73, 1.8826845588976398E7
84313741000112, 337871, AC, UNIMED RIO BRANCO COOPERATIVA DE TRABALHO MEDICO LTDA, Cooperativa Médica, 131230400.41, 43743466.80, 1.673557336921942E7
45572583000163, 343064, SP, GARANTIA DE SAÚDE LTDA, Medicina de Grupo, 130617309.11, 43539103.04, 1.770952184100185E7
10414182000109, 416801, SP, UNIMED SAÚDE E ODONTO S.A, Medicina de Grupo, 130181724.90, 43393908.30, 1.9566215408536788E7
60633369000163, 331341, SP, UNIMED DE BEBEDOURO COOPERATIVA DE TRABALHO MÉDICO, Cooperativa Médica, 129242591.79, 43080863.93, 1.798203855965246E7
37275625000176, 320251, GO, UNIMED RIO VERDE COOPERATIVA TRABALHO MEDICO, Cooperativa Médica, 128979804.11, 42993268.04, 1.926103129450523E7
28806545000109, 323993, RJ, UNIMED PETROPOLIS-RJ COOPERATIVA DE TRABALHO MÉDICO, Cooperativa Médica, 128865235.08, 42955078.36, 1.7770131275057383E7
04612990000170, 311961, AM, UNIMED DE MANAUS COOP. DO TRABALHO MÉDICO LTDA, Cooperativa Médica, 128712851.36, 42904283.79, 2.223077104117401E7
66343559000122, 316881, MG, UNIMED TEOFILO OTONI COOPERATIVA DE TRABALHO MÉDICO, Cooperativa Médica, 128502585.81, 42834195.27, 1.8889483525684603E7
20320487000105, 368920, MG, AGROS - INSTITUTO UFV DE SEGURIDADE SOCIAL, Autogestão, 126707468.90, 42235822.97, 1.848940208152907E7
35988963000120, 371777, ES, UNIMED NORTE CAPIXABA- COOPERATIVA DE TRABALHO MÉDICO, Cooperativa Médica, 126188032.95, 42062677.65, 1.8938609501192406E7
50480953000172, 301574, SP, UNIMED DE LIMEIRA COOPERATIVA DE TRABALHO MÉDICO, Cooperativa Médica, 124787295.84, 41595765.28, 1.8310109000312615E7
16921561000163, 304051, MG, UNIMED MONTES CLAROS COOPERATIVA DE  TRABALHO MÉDICO LTDA, Cooperativa Médica, 124707035.10, 41569011.70, 1.6399153409530196E7
04859814000137, 414310, DF, SAÚDE BRB - CAIXA DE ASSISTÊNCIA, Autogestão, 124611570.26, 41537190.09, 1.8296152509205535E7
45425899000122, 304883, SP, UNIMED DE BOTUCATU COOPERATIVA DE TRABALHO MÉDICO, Cooperativa Médica, 124278962.01, 41426320.67, 1.5912812688506594E7
82996703000186, 329339, SC, UNIMED DE CRICIÚMA COOPERATIVA DE TRABALHO MÉDICO DA REGIÃO CARBONÍFERA, Cooperativa Médica, 124168259.18, 41389419.73, 1.882619509019001E7
21575709000195, 342807, MG, SANTA CASA DE MISERICÓRDIA DE JUIZ DE FORA, Filantropia, 124163974.81, 41387991.60, 1.7761347553119704E7
02888465000156, 318477, SP, OPERADORA UNICENTRAL DE PLANOS DE SAÚDE LTDA, Medicina de Grupo, 120463601.91, 40154533.97, 1.5667315012430144E7
50876139000171, 423661, RJ, NOVA SAÚDE OPERADORA INTEGRADA DE SAÚDE LTDA, Medicina de Grupo, 119527638.58, 39842546.19, 1.7129406566046312E7
29290152000158, 330264, RJ, UNIMED DE BARRA MANSA SOC. COOP. SERV.MED.E HOSPIT, Cooperativa Médica, 119370534.87, 39790178.29, 1.7657118618622966E7
36567721000125, 422398, SP, SAMI ASSISTÊNCIA MÉDICA LTDA, Medicina de Grupo, 119003338.66, 39667779.55, 1.5662719452499017E7
23802218000165, 322831, MG, UNIMED ITAJUBA COOPERATIVA DE TRABALHO MEDICO, Cooperativa Médica, 118164441.96, 39388147.32, 1.6645445711026361E7
08708980000193, 416738, SP, OESTE SAÚDE ASSISTÊNCIA A SAÚDE SUPLEMENTAR S.A, Medicina de Grupo, 116853050.46, 38951016.82, 1.788998032179882E7
11828089000103, 418374, DF, LUMINAR SAÚDE - ASSOCIAÇÃO DE ASSISTÊNCIA À SAÚDE, Autogestão, 114594935.77, 38198311.92, 1.5692499139524374E7
54012406000113, 348082, SP, UNIMED ANHANGUERA COOPERATIVA DE TRABALHO MÉDICO, Cooperativa Médica, 113175947.39, 37725315.80, 1.6299618898923429E7
15594468000129, 343463, SE, PLAMED PLANO DE ASSISTENCIA MEDICA LTDA, Medicina de Grupo, 112578764.46, 37526254.82, 1.64012682779717E7
15022430000181, 418731, SP, ASSOCIAÇÃO DE SAÚDE DOS FORNECEDORES DE CANA DE PIRACICABA E REGIÃO, Medicina de Grupo, 110878742.60, 36959580.87, 1.6368702696490018E7
07057185000110, 352543, MA, UNIMED MARANHÃO DO SUL - COOPERATIVA DE TRABALHO MÉDICO, Cooperativa Médica, 110832242.50, 36944080.83, 1.734354055884413E7
78931391000155, 371106, PR, UNIMED COSTA OESTE - COOPERATIVA DE TRABALHO MÉDICO, Cooperativa Médica, 110441020.63, 36813673.54, 1.5893701843653342E7
67839969000121, 394734, SP, AMEPLAN ASSISTÊNCIA MÉDICA PLANEJADA LTDA, Medicina de Grupo, 110205437.07, 36735145.69, 1.4065435657896558E7
90747908000156, 338346, RS, SULMED - ASSISTÊNCIA MÉDICA LTDA, Medicina de Grupo, 109847143.13, 36615714.38, 1.5420542713138606E7
37135365000133, 395480, AL, ESMALE ASSISTENCIA INTERNACIONAL DE SAUDE LTDA, Medicina de Grupo, 108697000.01, 36232333.34, 1.4937042186978087E7
60499365000134, 410292, SP, FUNDACAO LEONOR DE BARROS CAMARGO, Filantropia, 107730597.59, 35910199.20, 1.608012133476777E7
85283299000191, 354295, SC, UNIMED CHAPECÓ - COOPERATIVA DE TRABALHO MÉDICO DA REGIÃO OESTE CATARINENSE, Cooperativa Médica, 107544853.40, 35848284.47, 1.6713805996729312E7
56384183000140, 347655, SP, IRMANDADE DA SANTA CASA DE MISERICÓRDIA DE RIO CLARO, Filantropia, 106721926.40, 35573975.47, 1.6999573321397442E7
73936395000102, 311715, RS, UNIMED ENCOSTA DA SERRA/RS SOCIEDADE COOPERATIVA DE SERVIÇOS DE SAÚDE LTDA, Cooperativa Médica, 105135397.65, 35045132.55, 1.5616237739261245E7
35642768000143, 318566, AL, UNIMED METROPOLITANA DO AGRESTE - COOPERATIVA DE TRABALHO MÉDICO, Cooperativa Médica, 104778410.30, 34926136.77, 1.5810781587261265E7
82956996000178, 315044, SC, FUNDAÇÃO CELESC DE SEGURIDADE SOCIAL - CELOS, Autogestão, 102837092.41, 34279030.80, 1.7177281086837493E7
78613841000161, 326755, PR, ASSOCIAÇÃO EVANGELICA BENEFICENTE DE LONDRINA, Filantropia, 102595967.51, 34198655.84, 1.4535575129514586E7
00111826000128, 335215, RJ, UNIMED ARARUAMA COOPERATIVA DE TRABALHO MÉDICO LTDA, Cooperativa Médica, 101983650.40, 33994550.13, 1.5502423736081198E7
87647756000105, 357260, RS, UNIMED NOROESTE/RS - SOCIEDADE COOPERATIVA DE ASSISTÊNCIA À SAÚDE LTDA, Cooperativa Médica, 100818927.85, 33606309.28, 1.4719122545837745E7
15131148000132, 418587, SP, AMHA SAUDE S/A, Medicina de Grupo, 99854256.38, 33284752.13, 1.3646935165565824E7
03702977000149, 412295, DF, CAIXA DE ASSISTÊNCIA À SAUDE DOS EMPREGADOS DA CODEVASF - CASEC, Autogestão, 99107650.85, 33035883.62, 1.1797449541030414E7
39384664000137, 371629, ES, UNIMED NOROESTE CAPIXABA COOPERATIVA DE TRABALHO MÉDICO, Cooperativa Médica, 99019839.55, 33006613.18, 1.4999713546372015E7
02774736000142, 354511, RJ, OPERADORA UNIESTE DE PLANOS DE SAÚDE LTDA, Medicina de Grupo, 98937853.96, 32979284.65, 1.4876302480617063E7
54991211000162, 300713, SP, UNIMED DE ASSIS COOPERATIVA DE TRABALHO MÉDICO, Cooperativa Médica, 98227006.40, 32742335.47, 1.3933370940265099E7
17845504000105, 344729, MG, UNIMED VARGINHA COOPERATIVA DE TRABALHO MÉDICO, Cooperativa Médica, 96749792.22, 32249930.74, 1.3454906316645375E7
25971433000115, 368148, MG, UNIMED MURIAÉ COOPERATIVA DE TRABALHO MEDICO LTDA, Cooperativa Médica, 94886571.24, 31628857.08, 1.2965354877193382E7
74466137000172, 333051, SP, UNIMED DE GUARULHOS COOPERATIVA DE TRABALHO MÉDICO, Cooperativa Médica, 94419792.68, 31473264.23, 1.380414922457119E7
00885918000165, 416398, PI, HOSPITAIS E CLÍNICAS DO PIAUÍ S/S LTDA, Medicina de Grupo, 94254941.59, 31418313.86, 1.3405854540073728E7
02852017000100, 352586, SP, SISTEMAS E PLANOS DE SAÚDE LTDA, Medicina de Grupo, 93856495.32, 31285498.44, 1.2884950018986696E7
29174910000172, 421731, SP, AMHE MED ASSISTENCIA A SAUDE LTDA - EPP, Medicina de Grupo, 93798701.54, 31266233.85, 1.981796031452898E7
51093193000103, 369411, SP, UNIMED DE ARACATUBA - COOPERATIVA DE TRABALHO MÉDICO, Cooperativa Médica, 93726844.91, 31242281.64, 1.3297849696324801E7
51304798000104, 350494, SP, UNIODONTO DE CAMPINAS COOPERATIVA ODONTOLÓGICA, Cooperativa odontológica, 93113819.67, 31037939.89, 1.3681489641340593E7
81064511000179, 358096, PR, UNIMED APUCARANA COOPERATIVA DE TRABALHO MÉDICO, Cooperativa Médica, 92672795.14, 30890931.71, 1.2721723566539224E7
11177786000133, 417211, MG, ASSOCIAÇÃO MINEIRA DE ASSISTÊNCIA À SAÚDE DOS MEMBROS DO MINISTÉRIO PÚBLICO, Autogestão, 92376441.19, 30792147.06, 1.369026693925781E7
15323270000100, 419150, SP, ASSOCIAÇÃO MAIS SAÚDE SANTA CASA DE SÃO JOÃO DA BOA VISTA, Medicina de Grupo, 92362886.48, 30787628.83, 1.4478629357228804E7
27067508000163, 421006, SP, ASSOCIAÇÃO SÃO LUIZ SAÚDE, Medicina de Grupo, 91024686.67, 30341562.22, 1.1754431374583855E7
21839519000138, 345709, MG, UNIMED CONSELHEIRO LAFAIETE COOPERATIVA DE TRABALHO MÉDICO LTDA, Cooperativa Médica, 90683579.90, 30227859.97, 1.2610693143150445E7
37436920000167, 304468, MT, UNIMED BARRA DO GARÇAS - COOPERATIVA DE TRABALHO MÉDICO, Cooperativa Médica, 90535969.78, 30178656.59, 1.322125213213998E7
37313475000148, 309907, TO, UNIMED PALMAS COOPERATIVA DE TRABALHO MÉDICO, Cooperativa Médica, 88825755.26, 29608585.09, 1.2289726605866255E7
42043067000153, 346209, BA, UNIMED EXTREMO SUL COOPERATIVA DE TRABALHO MÉDICO, Cooperativa Médica, 86853273.93, 28951091.31, 1.191009607254662E7
01559455000104, 328294, SP, UNIMED NORDESTE PAULISTA - FED. INTRAFEDERATIVA DAS COOP. MÉDICAS, Cooperativa Médica, 86691727.22, 28897242.41, 1.2646059352253586E7
79115762000193, 336831, PR, IRMANDADE SANTA CASA DE MISERICÓRDIA DE MARINGÁ, Filantropia, 86660886.56, 28886962.19, 1.3074181827217305E7
35657268000185, 422321, SC, ASSOCIAÇÃO DE SAÚDE DO VALE, Medicina de Grupo, 86543337.23, 28847779.08, 1.3224366464715242E7
33379144000150, 421944, SP, ÚNICA ASSISTENCIA MEDICA LTDA, Medicina de Grupo, 86240949.56, 28746983.19, 1.285671684167077E7
11996146000155, 417661, PE, CAIXA DE ASSISTÊNCIA À SAÚDE DO SINDICATO DOS FUNCIONÁRIOS INTEGRANTES DO GRUPO OCUPACIONAL ADMINISTRAÇÃO TRIBUTÁRIA DO ESTADO DE PERNAMBUCO, Autogestão, 86192047.50, 28730682.50, 1.2931051684286179E7
03098226000165, 403962, PE, SÃO FRANCISCO ASSISTÊNCIA MÉDICA LTDA, Medicina de Grupo, 86035898.73, 28678632.91, 1.2275315622974314E7
04574626000162, 421341, MS, CAIXA DE ASSISTÊNCIA À SAÚDE DOS SERVIDORES PÚBLICOS DO ESTADO DO MATO GROSSO DO SUL, Autogestão, 85645936.12, 28548645.37, 1.2595153073269561E7
25810946000144, 309087, MG, UNIMED BARBACENA - COOPERATIVA DE TRABALHO MÉDICO LTDA, Cooperativa Médica, 85009924.18, 28336641.39, 1.2903890557948923E7
16665579000141, 418803, SP, ASSOCIAÇÃO SANTA CASA SAÚDE DE ARAÇATUBA, Medicina de Grupo, 84767776.38, 28255925.46, 1.2256578889775911E7
03638220000133, 411582, RJ, PLANO DE SAUDE ASES LTDA, Medicina de Grupo, 84364377.07, 28121459.02, 1.178141010159213E7
16926969000128, 419052, PA, AMAZÔNIA PLANOS DE SAÚDE LTDA, Medicina de Grupo, 83675603.36, 27891867.79, 1.2190287234322805E7
20119509000165, 378216, MG, FUNDAÇÃO LIBERTAS DE SEGURIDADE SOCIAL, Autogestão, 83057755.19, 27685918.40, 1.1686883535170084E7
16991945000152, 359289, MG, UNIMED VALE DO AÇO COOPERATIVA DE TRABALHO MÉDICO, Cooperativa Médica, 82867072.99, 41433536.50, 1.4323842855E7
85241339000132, 364860, SC, UNIMED DE TUBARAO - COOPERATIVA DE TRABALHO MEDICO DA REGIAO DA AMUREL, Cooperativa Médica, 82846461.06, 27615487.02, 1.2022529562410071E7
02127779000136, 364592, SP, LEADER ASSISTÊNCIA MÉDICA E HOSPITALAR LTDA, Medicina de Grupo, 82230566.59, 27410188.86, 1.0192850230276095E7
00636975000100, 319180, SP, SÃO DOMINGOS SAÚDE- ASSISTÊNCIA MÉDICA  LTDA, Medicina de Grupo, 82220006.12, 27406668.71, 1.1864806849272253E7
17897995000138, 419486, SC, PLADISA PLANOS DE SAÚDE SA, Medicina de Grupo, 81955221.75, 27318407.25, 1.1486287900539711E7
01193663000132, 324566, GO, UNIMED DE CATALÃO COOPERATIVA DE TRABALHO MÉDICO, Cooperativa Médica, 81621287.30, 27207095.77, 1.1907923953282824E7
20909271000171, 354325, MG, UNIMED ARAGUARI COOPERATIVA DE TRABALHO MÉDICO, Cooperativa Médica, 81618076.23, 27206025.41, 1.1862317404807005E7
22720791000167, 304395, MG, UNIMED INCONFIDENTES COOPERATIVA DE TRABALHO MÉDICO LTDA, Cooperativa Médica, 79599840.83, 26533280.28, 1.1023303083580764E7
07781345000179, 416690, MG, ASSOCIAÇÃO DE ASSISTÊNCIA À SAÚDE DA AMAGIS, Autogestão, 79379496.05, 26459832.02, 1.1931835691238038E7
50432863000106, 416495, SP, MATÃO CLINICAS & AMHMA SAÚDE LTDA, Medicina de Grupo, 78896904.66, 26298968.22, 8882785.18405766
00006037000127, 361941, SP, UNIMED DE TATUI - COOPERATIVA DE TRABALHO MÉDICO, Cooperativa Médica, 77806240.55, 25935413.52, 1.050413185834924E7
40187311000126, 422681, SP, GOCARE PLANOS DE SAUDE LTDA, Medicina de Grupo, 76822892.37, 25607630.79, 1.1621453619738404E7
01569902000106, 346951, SC, UNIMED CAÇADOR COOPERATIVA DE TRABALHO MÉDICO DA REGIÃO DO CONTESTADO, Cooperativa Médica, 76798369.29, 25599456.43, 1.1413705651460709E7
45207131000182, 355577, SP, UNIMED DE GUARATINGUETA-COOPERATIVA DE TRABALHO MÉDICO, Cooperativa Médica, 76730555.73, 25576851.91, 1.1205500496483475E7
25329079000120, 323926, MG, UNIMED SÃO JOÃO DEL REI - COOPERATIVA DE TRABALHO MÉDICO, Cooperativa Médica, 76640306.73, 25546768.91, 1.115974615933974E7
00846662000187, 379280, SP, LIV LINHAS INTELIGENTES DE ATENÇÃO À VIDA S/A, Medicina de Grupo, 76542785.69, 25514261.90, 8813863.043289855
02322043000119, 306762, SP, UNIMED REGIONAL JAU - COOPERATIVA DE TRABALHO MÉDICO, Cooperativa Médica, 76339839.54, 25446613.18, 1.0462571487999694E7
00395266000180, 415065, GO, MAIS SAÚDE PLANO DE SAÚDE LTDA, Medicina de Grupo, 76217591.93, 25405863.98, 1.1623703877801284E7
10935483000170, 417947, SP, ASSOCIAÇÃO DA SANTA CASA SAÚDE DE RIBEIRÃO PRETO, Medicina de Grupo, 76206333.54, 25402111.18, 1.1261118416601388E7
89870547000151, 311375, RS, UNIMED PELOTAS/RS - COOPERATIVA DE ASSISTÊNCIA À SAÚDE LTDA, Cooperativa Médica, 75573973.35, 25191324.45, 1.1459215799116125E7
37880952000157, 361461, GO, VIVACOM PLANOS DE SAÚDE, Autogestão, 75522324.99, 25174108.33, 1.0689316560937958E7
66477217000103, 345458, MG, UNIMED LAVRAS COOPERATIVA DE TRABALHO MÉDICO, Cooperativa Médica, 75080363.10, 25026787.70, 1.1018129370765915E7
06091170000105, 415014, SP, UNIMED OS BANDEIRANTES COOPERATIVA DE TRABALHO MÉDICO, Cooperativa Médica, 75076069.30, 25025356.43, 9436066.672724267
34844263000107, 422070, RJ, ELETROS SAÚDE - ASSOCIAÇÃO DE ASSISTÊNCIA À SAÚDE, Autogestão, 74482066.21, 24827355.40, 1.1779518655467223E7
82353079000107, 315265, PR, PARANA ASSISTENCIA MEDICA LTDA, Medicina de Grupo, 74355742.18, 24785247.39, 9664960.404503059
11973134000105, 417815, SP, SUL AMÉRICA ODONTOLÓGICO S/A, Odontologia de Grupo, 74321238.94, 24773746.31, 1.0752084804055955E7
81710865000143, 365777, PR, UNIMED NOROESTE DO PARANÁ COOP DE TRABALHO MÉDICO , Cooperativa Médica, 74269797.09, 24756599.03, 1.1008187463144328E7
00668790000188, 320820, RS, CAIXA DE ASSISTÊNCIA SISTEMA SAÚDE INTEGRAL-SSI SAUDE, Autogestão, 74149717.65, 24716572.55, 1.1667969098582776E7
02172353000102, 314251, RN, CAIXA ASSISTENCIAL UNIVERSITÁRIA DO RIO GRANDE DO NORTE, Autogestão, 73756996.25, 24585665.42, 1.033369361000468E7
87638334000173, 357022, RS, UNIMED ERECHIM - COOPERATIVA DE SERVIÇOS DE SAÚDE LTDA, Cooperativa Médica, 73230021.33, 24410007.11, 1.0110434313300895E7
78044815000160, 322571, PR, UNIMED GUARAPUAVA COOPERATIVA DE TRABALHO MÉDICO, Cooperativa Médica, 72920667.83, 24306889.28, 1.034626707816124E7
00147571000153, 406945, SP, ASSOCIAÇÃO POLICIAL DE ASSISTÊNCIA À SAÚDE DE BAURU, Autogestão, 72630870.46, 24210290.15, 1.025849690638921E7
04165719000133, 413160, RJ, GS PLANO GLOBAL DE SAÚDE LTDA, Medicina de Grupo, 72290562.37, 24096854.12, 1.070624695189926E7
71925531000133, 347108, SP, UNIMED DE BARRETOS COOPERATIVA DE TRABALHO MÉDICO, Cooperativa Médica, 71811873.26, 23937291.09, 1.0660717769030584E7
55189930000127, 329355, SP, IRMANDADE DE MISERICORDIA DE PORTO FERREIRA, Filantropia, 71751960.29, 23917320.10, 1.083038541428656E7
28502128000172, 343331, ES, CAIXA DE ASSISTÊNCIA DOS EMPREGADOS DO SISTEMA FINANCEIRO BANESTES, Autogestão, 71728092.79, 23909364.26, 1.0411045342862869E7
27626696000112, 323357, RJ, UNIMED CABO FRIO COOPERATIVA TRABALHO MÉDICO LTDA, Cooperativa Médica, 71334966.83, 23778322.28, 1.097058884269524E7
45981176000100, 423319, GO, ANAFE SAUDE, Autogestão, 71018135.08, 23672711.69, 9600074.702976648
09306242000182, 330281, PB, ASSOCIAÇÃO DOS AUDITORES FISCAIS DO ESTADO DA PARAÍBA - AFRAFEP, Autogestão, 70719115.15, 23573038.38, 9900476.972989835
74521188000150, 318388, SP, UNIMED DE SÃO ROQUE - COOPERATIVA DE TRABALHO MÉDICO, Cooperativa Médica, 68858480.65, 22952826.88, 9254291.45502508
00494870000164, 365238, SP, UNIMED DE IBITINGA COOPERATIVA DE TRABALHO MÉDICO, Cooperativa Médica, 68381233.05, 22793744.35, 9287230.365521984
45118429000116, 351407, SP, UNIMED DE CATANDUVA - COOPERATIVA DE TRABALHO MÉDICO, Cooperativa Médica, 67119317.32, 22373105.77, 9501122.324294593
46426569000114, 423335, DF, UNITY SERVIÇOS INTEGRADOS DE SAÚDE LTDA, Medicina de Grupo, 66337973.13, 22112657.71, 1.1073232856410855E7
11867361000156, 418919, SC, ASSOCIAÇÃO SAÚDE SÃO JOSÉ, Medicina de Grupo, 66258093.50, 22086031.17, 9957832.235350179
41871989000196, 301060, MG, UNIMED ITUIUTABA COOPERATIVA TRABALHO MÉDICO LTDA, Cooperativa Médica, 66118295.66, 22039431.89, 9404060.021631792
00366982000130, 386596, GO, CENTRAL REGIONAL DAS COOPERATIVAS MÉDICAS - UNIMED CERRADO, Cooperativa Médica, 65947161.03, 21982387.01, 8930189.783470357
78420783000150, 305227, PR, UNIMED OESTE DO PARANA - COOPERATIVA DE TRABALHO MEDICO, Cooperativa Médica, 65607034.99, 21869011.66, 9241482.828265883
00338763000147, 348830, SP, PLENA SAÚDE S.A, Medicina de Grupo, 65352791.00, 21784263.67, 8240105.875769913
20168589000149, 301728, MG, PRONTOMED PLANOS DE SAÚDE LTDA, Medicina de Grupo, 65224863.31, 21741621.10, 9588108.078328172
51473692000126, 319422, SP, IRMANDADE DA SANTA CASA DE MISERICORDIA DE LIMEIRA, Filantropia, 64712004.68, 21570668.23, 8913789.018371226
69087922000184, 323055, SP, UNIMED NORTE PAULISTA - COOPERATIVA DE TRABALHO MÉDICO, Cooperativa Médica, 64419350.22, 21473116.74, 8539245.788177054
87689527000153, 352179, RS, UNIMED FRONTEIRA NOROESTE/RS - COOPERATIVA DE ASSISTÊNCIA À SAÚDE LTDA, Cooperativa Médica, 64066412.25, 21355470.75, 9484522.812488556
78738101000151, 304484, PR, DENTAL UNI - COOPERATIVA ODONTOLÓGICA, Cooperativa odontológica, 63860283.97, 21286761.32, 9206509.063015437
26189530000113, 330108, MG, UNIMED CURVELO COOPERATIVA DE TRABALHO MÉDICO LTDA, Cooperativa Médica, 63624889.32, 21208296.44, 9628165.303630402
75003525000180, 361615, PR, UNIMED DE PARANAGUÁ COOPERATIVA DE TRABALHO MÉDICO, Cooperativa Médica, 63077083.01, 21025694.34, 9003916.0784603
15713057000105, 420000, BA, ASSOCIAÇÃO DO PLANO DE SAÚDE DA SANTA CASA DE MISERICÓRDIA DE ITABUNA - PLANSUL, Medicina de Grupo, 62432327.66, 20810775.89, 8553751.4384886
65276354000109, 335517, MG, UNIMED ITABIRA COOPERATIVA DE TRABALHO MÉDICO, Cooperativa Médica, 62394125.43, 20798041.81, 9229182.317583328
71559272000174, 410128, SP, ASSOCIAÇÃO POLICIAL DE ASSISTÊNCIA À SAÚDE, Autogestão, 61918624.60, 20639541.53, 9080877.280111209
00103956000119, 300136, RS, UNIMED LITORAL SUL/RS - COOPERATIVA DE ASSISTÊNCIA À SAÚDE LTDA, Cooperativa Médica, 61832181.81, 20610727.27, 8354104.114702135
65422339000121, 345598, SP, UNIMED AMPARO COOPERATIVA DE TRABALHO MÉDICO, Cooperativa Médica, 61766395.21, 20588798.40, 1.3706512416017164E7
30417661000188, 312592, RJ, UNIMED NORTE FLUMINENSE COOPERATIVA DE TRABALHO MEDICO, Cooperativa Médica, 60849219.84, 20283073.28, 8974784.679380478
92827666000136, 419427, RS, INSTITUIÇÃO BENEFICENTE CEL MASSOT - IBCM, Autogestão, 60651461.70, 20217153.90, 1.0857556559174836E7
24645912000189, 420166, SP, PLANO DE SAÚDE DA SANTA CASA DE BRAGANÇA PAULISTA, Medicina de Grupo, 59269637.63, 19756545.88, 7875032.548924285
62476676000103, 312282, SP, INTERMEDICI PIRACICABA ASSISTENCIA MEDICA LTDA, Medicina de Grupo, 59133796.71, 19711265.57, 9150937.88505018
00299149000113, 306754, GO, ASSOCIAÇÃO DOS FUNCIONÁRIOS DO FISCO DO ESTADO DE GOIÁS, Autogestão, 58490341.17, 19496780.39, 8647373.50485042
72783970000111, 329886, SP, UNIMED DE JABOTICABAL COOP. DE TRABALHO MÉDICO, Cooperativa Médica, 57311819.13, 19103939.71, 8033738.988956502
49320799000192, 342611, SP, ECONOMUS INSTITUTO DE SEGURIDADE SOCIAL, Autogestão, 56694657.19, 18898219.06, 1.0762665659169905E7
20918393000124, 419699, MS, OPERADORA DE PLANOS PRIVADOS DE SAÚDE - SANTA CASA SAÚDE LTDA, Medicina de Grupo, 55789163.25, 18596387.75, 7534737.375518514
35617257000171, 302627, PE, CAIXA DE ASSISTÊNCIA DOS MAGISTRADOS DE PERNAMBUCO, Autogestão, 55223543.41, 18407847.80, 8216704.289477889
81710543000102, 336858, PR, UNIMED FRANCISCO BELTRAO COOPERATIVA DE TRABALHO MEDICO, Cooperativa Médica, 54246165.06, 18082055.02, 7850914.667792726
00946953000147, 337498, RJ, UNIMED TRÊS RIOS COOPERATIVA DE TRABALHO MÉDICO, Cooperativa Médica, 52760634.58, 17586878.19, 7257693.729308971
04257073000114, 413330, RJ, AMEP FREGUESIA OPERADORA DE PLANO DE SAUDE LTDA, Medicina de Grupo, 52557989.05, 17519329.68, 7125387.955466157
56269913000162, 374440, SP, PREVIDENT ASSISTÊNCIA ODONTOLÓGICA S.A, Odontologia de Grupo, 52514535.89, 17504845.30, 7168753.655504288
87607149000111, 319384, RS, UNIMED PLANALTO MÉDIO/RS - COOPERATIVA DE ASSISTÊNCIA À SAÚDE LTDA, Cooperativa Médica, 52498899.69, 17499633.23, 7661780.17708223
01608379000180, 357138, SP, UNIMED CENTRO OESTE PAULISTA - FEDERAÇÃO INTRAFEDERATIVA DAS COOPERATIVAS MÉDICAS, Cooperativa Médica, 52163359.94, 17387786.65, 8403060.400604272
52852100000140, 333808, SP, IRMANDADE DE MISERICÓRDIA DO HOSPITAL DA SANTA CASA DE MONTE ALTO, Filantropia, 51590704.83, 17196901.61, 7562536.327556606
28633372000174, 421154, SP, SAÚDE BRASIL ASSISTÊNCIA MÉDICA LTDA, Medicina de Grupo, 51309386.20, 17103128.73, 7005484.087472133
25064148000110, 313084, TO, COOPERATIVA DE TRABALHO MEDICO DE ARAGUAÍNA - UNIMED ARAGUAÍNA, Cooperativa Médica, 50849150.74, 16949716.91, 7164490.767049176
04204285000133, 358754, PA, CAIXA DE ASSISTÊNCIA DOS FUNCIONÁRIOS DO BANCO DA AMAZÔNIA - CASF, Autogestão, 50178401.34, 16726133.78, 5677414.811712485
33546979000157, 305472, GO, UNIMED REGIONAL SUL GOIAS COOP. DE TRABALHO MÉDICO LTDA, Cooperativa Médica, 49523585.62, 16507861.87, 6623722.1885778345
01554266000149, 348244, SC, UNIMED DE BRUSQUE COOPERATIVA DE TRABALHO MÉDICO, Cooperativa Médica, 49504154.47, 16501384.82, 7338434.535667948
20946877000187, 325465, MG, AMPARA ASSISTÊNCIA MÉDICA PARAÍSO LTDA, Medicina de Grupo, 49388262.98, 16462754.33, 6941313.982229464
66191263000133, 352314, MG, UNIMED JOÃO MONLEVADE COOPERATIVA DE TRABALHO MÉDICO LTDA, Cooperativa Médica, 49212085.02, 16404028.34, 7329521.9817282995
73162760000179, 313751, SP, UNIODONTO DE SÃO JOSÉ DOS CAMPOS COOPERATIVA DE TRABALHO ODONTOLÓGICO, Cooperativa odontológica, 49161710.90, 16387236.97, 7277647.363708109
07945024000162, 417955, PR, ASSOCIAÇÃO DE ASSISTÊNCIA MÉDICO HOSPITALAR DOS MAGISTRADOS DO ESTADO DO PARANÁ, Autogestão, 49155915.91, 16385305.30, 7842529.82399241
41432461000110, 422771, SC, TEMPO MED PLANO DE SAUDE LTDA, Medicina de Grupo, 48722961.07, 16240987.02, 7323797.259776961
59849182000112, 345091, SP, SANTA CASA DE MISERICORDIA DE SAO JOAQUIM DA BARRA, Filantropia, 48436727.00, 16145575.67, 7076023.495413917
07649106000160, 303178, CE, UNIMED DE SOBRAL SOCIEDADE COOPERATIVA MÉDICA LTDA, Cooperativa Médica, 48383049.60, 16127683.20, 7341001.272622705
20961779000119, 419958, SP, ASSOCIAÇÃO PLANO DE SAÚDE SANTA CASA DE VALINHOS, Medicina de Grupo, 48247893.79, 16082631.26, 6986732.287314287
02896924000143, 351270, PR, POLI SAUDE OPERADORA DE PLANO DE SAUDE LTDA, Medicina de Grupo, 48135244.01, 16045081.34, 7137732.172416344
02753398000162, 422371, SP, SF SISTEMAS DE SAÚDE LTDA, Medicina de Grupo, 46492343.35, 15497447.78, 7775892.214812177
68682715000105, 324299, RJ, PLAMER PLANO MEDICO RESENDE LTDA, Medicina de Grupo, 46102466.14, 15367488.71, 5684381.331541862
48721401000167, 334154, SP, UNIMED DE CAÇAPAVA - COOPERATIVA DE TRABALHO MEDICO, Cooperativa Médica, 46087825.54, 15362608.51, 6518079.572869152
03977587000181, 412058, SP, SBC SAÚDE LTDA, Medicina de Grupo, 45721826.15, 15240608.72, 6018687.688080159
16608812000154, 413721, MG, SOCIEDADE BENEFICENTE DEZOITO DE JULHO, Medicina de Grupo, 45717432.61, 15239144.20, 6607110.778209524
00552181000169, 328308, SP, UNIMED DE MOCOCA COOPERATIVA DE TRAB. MÉDICO, Cooperativa Médica, 45428470.02, 15142823.34, 6560820.397666865
72127210000156, 321320, SP, IRMANDADE DA SANTA CASA DE MISERICÓRDIA E MATERNIDADE DONA ZILDA SALVAGNI, Filantropia, 45258392.06, 15086130.69, 6362354.586056683
37898335000189, 357715, GO, UNIMED DE MINEIROS COOPERATIVA DE TRABALHO MÉDICO, Cooperativa Médica, 45174343.62, 15058114.54, 6542419.24705972
56762172000157, 365530, SP, UNIMED DE TUPA COOPERATIVA DE TRABALHO MÉDICO, Cooperativa Médica, 45129566.76, 15043188.92, 6423630.5707424665
41687179000184, 355593, MG, UNIMED PATROCÍNIO COOPERATIVA DE TRABALHO MÉDICO LTDA, Cooperativa Médica, 45010400.18, 15003466.73, 6360551.558783707
08883265000197, 416584, PR, ASSOCIAÇÃO FUNDO DE PROTEÇÃO À SAÚDE, Autogestão, 44979359.21, 14993119.74, 6676057.13142813
00381694000154, 372561, SC, UNIMED ALTO VALE - COOPERATIVA DE TRABALHO MÉDICO, Cooperativa Médica, 44892982.74, 14964327.58, 6695943.261149389
85177194000158, 317012, SC, COOPERATIVA DE TRABALHO MÉDICO DO PLANALTO NORTE DE SANTA CATARINA LTDA, Cooperativa Médica, 44553180.23, 14851060.08, 6201356.085525163
01648339000161, 414905, MG, VITA ASSISTÊNCIA A SAÚDE LTDA, Medicina de Grupo, 44427625.28, 14809208.43, 1.0066686868271118E7
87701249000102, 311618, RS, UNIMED MISSÕES/RS - COOPERATIVA DE ASSISTÊNCIA À SAÚDE LTDA, Cooperativa Médica, 44242753.67, 14747584.56, 6131576.203903358
28974020000182, 360414, RJ, UNIMED NOROESTE FLUMINENSE - COOPERATIVA DE TRABALHO MÉDICO LTDA, Cooperativa Médica, 44096726.79, 14698908.93, 5917508.676247682
03773153000160, 412759, BA, TERRAMAR ADMINISTRADORA DE PLANO DE SAUDE LTDA, Medicina de Grupo, 43896229.72, 14632076.57, 6970724.937406488
45467404000128, 351776, SP, UNIMED DE REGISTRO COOPERATIVA DE TRABALHO MÉDICO, Cooperativa Médica, 43718937.15, 14572979.05, 5978657.746526832
79831608000118, 356476, SC, SIM - CAIXA DE ASSISTÊNCIA À SAÚDE, Autogestão, 43230225.73, 14410075.24, 6240627.728540551
85246916000189, 318213, SC, COOPERATIVA DE TRABALHO MEDICO REGIÃO DO PLANALTO SERRANO, Cooperativa Médica, 43061721.03, 14353907.01, 6337595.828861579
68709211000131, 330566, RJ, UNIMED RESENDE COOPERATIVA DE TRABALHO MÉDICO, Cooperativa Médica, 42973844.76, 14324614.92, 6479358.347912548
27085968000114, 418820, RJ, CAIXA DE ASSISTÊNCIA AOS MEMBROS DA DEFENSORIA PÚBLICA DO ESTADO DO RIO DE JANEIRO, Autogestão, 42617991.54, 14205997.18, 5590573.413941011
13100755000100, 343129, BA, ASSOCIACAO DOS PROFESSORES UNIVERSITÁRIOS DA BAHIA, Autogestão, 42489802.45, 14163267.48, 6151864.410456361
13170410000122, 384704, SE, ASSOCIAÇÃO DOS EMPREGADOS DA COMPANHIA ESTADUAL DE HABITAÇÃO E OBRAS PÚBLICAS - ASSEC, Autogestão, 42390895.45, 14130298.48, 6271952.722873737
25063964000100, 420701, RS, FUNDAÇÃO DE ASSISTÊNCIA À SAÚDE DA ASSOCIAÇÃO DO MINISTÉRIO PÚBLICO DO RIO GRANDE DO SUL, Autogestão, 42387373.79, 14129124.60, 6769323.0531387525
92128610000193, 335541, RS, UNIMED VALE DAS ANTAS, RS - COOPERATIVA DE ASSISTÊNCIA À SAÚDE LTDA, Cooperativa Médica, 42370227.32, 14123409.11, 5507227.372990077
02866602000151, 416428, SP, SUL AMÉRICA PARANÁ CLÍNICAS SERVIÇOS DE SAÚDE S.A, Medicina de Grupo, 42299171.01, 14099723.67, 9323614.596815089
02041808000142, 335657, SP, ADVANCE PLANOS DE SAÚDE LTDA, Medicina de Grupo, 42165363.43, 14055121.14, 6288050.281791633
81715716000177, 306100, PR, UNIMED REGIONAL DE CAMPO MOURÃO COOP TRAB MEDICO, Cooperativa Médica, 41802468.18, 13934156.06, 5753856.545823906
72918287000144, 408794, SP, ASSOCIAÇÃO POLICIAL DE ASSISTÊNCIA À SAÚDE DE RIBEIRÃO PRETO (APAS), Autogestão, 41757041.05, 13919013.68, 5795283.355079393
00840048000108, 314242, SP, UNIMED DE PIRASSUNUNGA COOPERATIVA DE TRABALHO MÉDICO, Cooperativa Médica, 41738273.53, 13912757.84, 5971933.587967456
15308521000188, 368555, PA, UNIODONTO BELÉM - COOPERATIVA DE ASSISTÊNCIA À SAÚDE ODONTOLÓGICA, Cooperativa odontológica, 41693920.53, 13897973.51, 5544163.438853462
11593821000103, 417297, SC, ELOSAÚDE - ASSOCIAÇÃO DE ASSISTÊNCIA À SAÚDE, Autogestão, 41642520.75, 13880840.25, 5612842.618184816
25686544000180, 362573, MG, UNIMED DE UBA COOPERATIVA DE TRABALHO MEDICO, Cooperativa Médica, 41607421.99, 13869140.66, 6324985.2614564765
87158507000156, 367087, RS, COOPERATIVA CENTRAL UNIMED DE COOPERATIVAS DE ASSISTÊNCIA À SAÚDE DO RIO GRANDE DO SUL LTDA, Cooperativa Médica, 41490215.80, 13830071.93, 6052852.111436338
80653975000158, 340251, SC, UNIMED EXTREMO OESTE CATARINENSE COOPERATIVA DE TRABALHO MÉDICO, Cooperativa Médica, 40875428.06, 13625142.69, 4873477.449719882
81076069000109, 320862, PR, UNIMED DE PARANAVAÍ COOPERATIVA DE TRABALHO MÉDICO, Cooperativa Médica, 39283766.48, 13094588.83, 5190540.730617942
26291484000169, 318035, MG, UNIMED GUAXUPÉ COOPERATIVA DE TRABALHO MEDICO, Cooperativa Médica, 39211374.20, 13070458.07, 5853021.207363014
78953023000108, 366064, PR, UNIMED NORTE PIONEIRO - COOPERATIVA DE TRABALHO MÉDICO, Cooperativa Médica, 39138168.45, 13046056.15, 5945552.463231553
34011288000111, 387185, RJ, ASSOCIAÇÃO DOS AUDITORES FISCAIS DA RECEITA ESTADUAL DO RIO DE JANEIRO, Autogestão, 39085479.42, 13028493.14, 4623979.267893522
04002216000147, 412252, RJ, SV SAUDE ADMINSTRADORES DE PLANO DE SAUDE LTDA, Medicina de Grupo, 38664570.65, 12888190.22, 5802322.949547823
37020290000145, 422827, ES, TRINO - ALIANCA FILANTRÓPICA DE ASSISTÊNCIA E INTEGRAÇÃO PARA O DESENVOLVIMENTO DA SAUDE, Medicina de Grupo, 38629232.76, 12876410.92, 6149025.939017002
00034259000153, 410110, SP, ASSOCIAÇÃO POLICIAL DE ASSISTÊNCIA A SAÚDE DA BAIXADA SANTISTA, Autogestão, 38618256.51, 12872752.17, 5103377.714847703
39210844000100, 320897, RJ, UNIMED CENTRO SUL FLUMINENSE COOPERATIVA DE TRABALHO MÉDICO, Cooperativa Médica, 38230856.65, 12743618.88, 5953790.915395751
42946061000196, 354996, MG, UNIMED ALFENAS COOPERATIVA DE TRABALHO MEDICO, Cooperativa Médica, 38122327.00, 12707442.33, 5384977.5771387825
66343534000129, 314587, MG, UNIMED VIÇOSA - COOPERATIVA DE TRABALHO MÉDICO, Cooperativa Médica, 37897484.50, 12632494.83, 5265557.398867244
59762062000183, 414212, SP, ASSOCIAÇÃO POLICIAL DE ASSISTÊNCIA À SAÚDE DE ARAÇATUBA (APAS), Autogestão, 37480868.51, 12493622.84, 5043074.987923319
50368034000101, 304123, SP, UNIMED DE AVARÉ COOPERATIVA DE TRABALHO MÉDICO, Cooperativa Médica, 37174204.77, 12391401.59, 6056435.639133248
04439627000102, 000515, SP, ALLIANZ SAÚDE S/A, Seguradora Especializada em Saúde, 36982185.17, 12327395.06, 4488757.161487767
00580481000151, 329665, ES, FUNDACAO CAPITAL PREVIDENCIA E SAUDE - CAPITAL PREV, Autogestão, 36726369.81, 18363184.91, 5907953.084999999
87306361000149, 313211, RS, UNIMED VALE DO CAÍ/RS - COOPERATIVA DE ASSISTÊNCIA À SAÚDE LTDA, Cooperativa Médica, 36524661.07, 12174887.02, 5524937.397871902
72957814000120, 330116, SP, SANTA CASA DE MISERICÓRDIA DE VOTUPORANGA, Filantropia, 36476499.63, 12158833.21, 4680960.039010461
07270625000112, 415626, SC, FEDERAÇÃO DAS COOP ODONTOLÓGICAS DO ESTADO DE SANTA CATARINA, Cooperativa odontológica, 36296775.25, 12098925.08, 5570307.658689017
29640612000120, 321931, RJ, CONFERÊNCIA SÃO JOSÉ DO AVAÍ, Filantropia, 36104554.46, 12034851.49, 5434954.509088922
17146846000137, 310239, SP, PESSOAL SAÚDE PLANOS DE ASSISTÊNCIA MÉDICA LTDA, Medicina de Grupo, 35821115.71, 11940371.90, 5047003.89632542
13086566000120, 335789, SE, CAIXA DE ASSISTÊNCIA DOS EMPREGADOS DO BANESE, Autogestão, 35588919.06, 11862973.02, 4891245.497961318
39427632000171, 422631, RJ, ASSOCIAÇÃO PETROBRAS DE SAÚDE - APS, Autogestão, 35321915.41, 11773971.80, 5836787.995357017
59901454000186, 353264, SP, SANTA CASA DE MISERICORDIA HOSPITAL SÃO VICENTE, Filantropia, 34945017.88, 11648339.29, 4614228.356676898
83937631000169, 327557, SC, CAIXA ASSISTENCIAL E BENEFICENTE DOS FUNCIONÁRIOS DA ACARESC, Autogestão, 34929482.82, 11643160.94, 4677274.262758841
57214900000159, 324159, SP, UNIMED ALTA MOGIANA COOPERATIVA DE TRABALHO MÉDICO, Cooperativa Médica, 34394339.77, 11464779.92, 5042513.194638063
22666341000133, 305626, MG, PRONTOCLINICA E HOSPITAIS SAO LUCAS S/A, Medicina de Grupo, 34341380.20, 11447126.73, 5181303.494037378
88732318000108, 343684, RS, UNIMED ALTO DA SERRA - SOCIEDADE COOPERATIVA DE SERVIÇO MÉDICO LTDA, Cooperativa Médica, 33739418.70, 11246472.90, 5141857.013922518
15215452000168, 315583, BA, CAIXA DE ASSISTÊNCIA DOS EMPREGADOS DO BANEB, Autogestão, 33558565.02, 11186188.34, 3596586.2677663704
00342481000113, 343765, GO, UNIMED CALDAS NOVAS - COOPERATIVA DE TRABALHO MEDICO, Cooperativa Médica, 33507879.40, 11169293.13, 4586121.124069763
23725062000166, 335258, CE, UNIODONTO DE FORTALEZA COOPERATIVA DE TRABALHO ODONTOLOGICO LTDA, Cooperativa odontológica, 33438086.15, 11146028.72, 4754196.446606798
32421708000102, 421766, ES, BEST SENIOR OPERADORA DE SAÚDE LTDA, Medicina de Grupo, 33172763.09, 11057587.70, 5654025.621668893
02687852000124, 303844, SP, UNIMED DE ANDRADINA - COOPERATIVA DE TRABALHO MÉDICO, Cooperativa Médica, 32835783.82, 10945261.27, 4661916.584250982
71499792000139, 317896, MG, UNIMED VERTENTE DO CAPARAÓ - COOPERATIVA DE TRABALHO MÉDICO LTDA, Cooperativa Médica, 32799644.22, 10933214.74, 4572903.201393086
33721226000130, 343676, RJ, SAMOC S.A. - SOCIEDADE ASSISTENCIAL MÉDICA E ODONTO CIRÚRGICA, Medicina de Grupo, 32671181.08, 10890393.69, 4716331.792310718
00307714000147, 412635, SP, ASSOCIAÇÃO VALEPARAIBANA DE ASSISTÊNCIA MÉDICA POLICIAL, Autogestão, 31761207.01, 10587069.00, 3546059.238699813
02903477000102, 330892, SC, ASSOCIAÇÃO SAÚDE CONCEIÇÃO, Medicina de Grupo, 31319627.45, 10439875.82, 4844856.8295598235
46614535000153, 423351, RO, AME VVIDA PLANOS DE SAUDE INTEGRADO LTDA, Medicina de Grupo, 31075699.22, 10358566.41, 4348796.63134785
71695746000105, 354279, SP, UNIMED DE LINS - COOPERATIVA DE TRABALHOS MÉDICOS, Cooperativa Médica, 30647998.39, 10215999.46, 3618162.563545538
65732836000126, 345776, SP, UNIMED DE BIRIGUI - COOPERATIVA DE TRABALHO MÉDICO, Cooperativa Médica, 30539221.80, 10179740.60, 4032213.518087552
02989632000155, 401480, PR, EVANGELICO SAUDE LTDA, Medicina de Grupo, 30460614.22, 10153538.07, 4154505.3471594932
92316124000107, 328375, RS, UNIMED REGIÃO DA FRONTEIRA - RS COOPERATIVA DE ASSISTÊNCIA À SAÚDE LTDA, Cooperativa Médica, 30293650.87, 10097883.62, 4366831.025268998
67417519000140, 325031, SP, UNIMED DE LENÇOIS PAULISTA - COOPERATIVA DE TRABALHO MÉDICO, Cooperativa Médica, 30148489.39, 10049496.46, 4263355.816513289
04197511000104, 413518, SE, CAIXA DE ASSISTÊNCIA DO SINDFISCO - CASSIND, Autogestão, 30089225.36, 10029741.79, 4534075.414502713
26368613000170, 347736, MG, UNIMED CARATINGA - COOPERATIVA DE TRABALHO MÉDICO LTDA, Cooperativa Médica, 29927661.75, 9975887.25, 3964966.6884151227
01356020000162, 301744, SC, UNIMED MEIO OESTE CATARINENSE COOPERATIVA DE TRABALHO MÉDICO, Cooperativa Médica, 29797012.76, 9932337.59, 4194250.9038533536
24243925000121, 321125, AL, UNIODONTO MACEIÓ COOPERATIVA ODONTOLÓGICA, Cooperativa odontológica, 29740993.05, 9913664.35, 4258305.720240307
41905498000119, 315494, MG, UNIMED NOROESTE DE MINAS COOPERATIVA DE TRABALHO MEDICO LTDA, Cooperativa Médica, 29734915.47, 9911638.49, 3709848.423651391
42889436000123, 348261, MG, UNIMED ALTO SÃO FRANCISCO COOPERATIVA DE TRABALHO MÉDICO, Cooperativa Médica, 29623538.10, 9874512.70, 4537728.599009235
02220135000198, 402206, GO, ASSOCIAÇÃO GOIANA DO MINISTÉRIO PÚBLICO, Autogestão, 29428139.39, 9809379.80, 4275332.054691354
24807514000111, 420786, SP, ASSOCIAÇÃO SANTA CASA CLÍNICAS DE BIRIGUI, Medicina de Grupo, 29412702.37, 9804234.12, 4317804.1610498
19691730000104, 419516, ES, MAIS SAUDE S/A, Medicina de Grupo, 29263113.66, 14631556.83, 7291557.290000001
04222989000139, 413429, PB, UNIDENTIS ASSISTENCIA ODONTOLOGICA LTDA, Odontologia de Grupo, 29191617.07, 9730539.02, 3993709.6651788913
55990451000105, 422762, SP, SANTA CASA DE MISERICÓRDIA E BENEFICÊNCIA PORTUGUESA, Filantropia, 29108998.21, 9702999.40, 4737123.049152733
66916305000156, 327468, SP, UNIMED SUDOESTE PAULISTA COOPERATIVA DE TRABALHO MÉDICO, Cooperativa Médica, 29075293.49, 9691764.50, 4434302.122907183
88938089000182, 366439, RS, UNIODONTO PORTO ALEGRE COOPERATIVA ODONTOLOGICA LTDA, Cooperativa odontológica, 28835653.60, 9611884.53, 4883238.505756788
03268622000193, 406805, RS, COOPERATIVA DOS USUÁRIOS DE SERVIÇOS DE SAÚDE LTDA, Medicina de Grupo, 28726858.24, 9575619.41, 4362016.564613769
52204526000197, 346004, SP, UNIODONTO PIRACICABA - COOPERATIVA ODONTOLÓGICA, Cooperativa odontológica, 28695001.43, 9565000.48, 4356502.718957176
08237810000178, 345318, RN, UNIODONTO/RN - COOPERATIVA ODONTOLOGICA DO RIO GRANDE DO NORTE, Cooperativa odontológica, 28636980.76, 9545660.25, 4152696.234901069
92219070000153, 413372, RS, SOCIEDADE PORTUGUESA DE BENEFICÊNCIA, Filantropia, 27830987.39, 9276995.80, 4122512.79580462
03980208000102, 342386, MS, UNIMED REGIONAL DE TRES LAGOAS COOPERATIVA DE TRABALHO MÉDICO, Cooperativa Médica, 27673351.31, 9224450.44, 4087019.3439044156
41511429000120, 316458, PI, UNIMED REGIONAL DE FLORIANO - COOPERATIVA DE TRABALHO MÉDICO, Cooperativa Médica, 27526532.49, 9175510.83, 4039158.9682483478
23053901000147, 420085, ES, SANTA CASA DE SAÚDE - SCS, Medicina de Grupo, 27447996.36, 9149332.12, 4389357.6376401065
26150979000178, 323942, MG, FUNDAÇÃO FILANTRÓPICA E BENEFICENTE DE SAÚDE ARNALDO GAVAZZA FILHO, Filantropia, 27426500.99, 9142167.00, 4068732.1461894987
02338268000163, 342203, SC, UNIODONTO DE SC COOPERATIVA ADMINISTRADORA DE CONTRATOS, Cooperativa odontológica, 26875439.51, 8958479.84, 3919273.7482447233
19969500000164, 357669, MG, DESBAN - FUNDAÇÃO BDMG DE SEGURIDADE SOCIAL, Autogestão, 26542079.63, 8847359.88, 3660477.5135710635
45171402000197, 363286, SP, UNIMED DE TAUBATÉ COOPERATIVA DE TRABALHO MÉDICO, Cooperativa Médica, 25937965.16, 8645988.39, 3645973.5413171137
26185199000163, 344451, MG, UNIODONTO REGIONAL COOPERATIVA ODONTOLOGICA, Cooperativa odontológica, 25690252.91, 8563417.64, 3843775.9408672038
34732056000152, 422151, BA, ATITUDE SAÚDE ASSISTÊNCIA MEDICA LTDA, Medicina de Grupo, 25381852.77, 8460617.59, 4092571.7749209343
00891689000191, 358436, GO, UNIODONTO GOIANIA COOPERATIVA DE CIRURGIÕES DENTISTAS, Cooperativa odontológica, 25380328.40, 8460109.47, 3734608.8782971883
42940528000190, 304344, MG, UNIMED PARÁ DE MINAS COOPERATIVA DE TRABALHO MÉDICO LTDA, Cooperativa Médica, 25293843.72, 8431281.24, 3460288.9012193833
00368318000120, 321087, RJ, UNIMED MARQUES DE VALENÇA COOPERATIVA DE TRABALHO MÉDICO LTDA, Cooperativa Médica, 24972067.80, 8324022.60, 3845658.6518023754
02618303000106, 370592, PB, FUNASA SAÚDE, Medicina de Grupo, 24890024.19, 8296674.73, 3622954.0044715516
01867792000169, 304441, PE, NACIONAL ODONTO OPERADORA DE PLANOS ODONTOLÓGICOS LTDA, Odontologia de Grupo, 24473312.49, 8157770.83, 3294845.373584365
90619818000180, 341941, RS, HOSPITAL DE PRONTOCLINICA LTDA, Medicina de Grupo, 24459778.16, 8153259.39, 3292927.030973091
89100135000132, 362832, RS, UNIMED PLANALTO CENTRAL/RS - COOPERATIVA DE ASSISTÊNCIA  À SAÚDE LTDA, Cooperativa Médica, 24337771.11, 8112590.37, 3766239.356366827
36540979000138, 311146, RJ, UNIMED COSTA VERDE RJ, Cooperativa Médica, 24143895.09, 8047965.03, 3283094.922176285
71063853000110, 356581, MG, UNIMED ITAÚNA COOPERATIVA DE TRABALHO MÉDICO LTDA, Cooperativa Médica, 23879341.45, 7959780.48, 3362066.9172671
01659087000176, 342131, RO, UNIMED VILHENA - COOPERATIVA DE TRABALHO MEDICO LTDA, Cooperativa Médica, 23708373.74, 7902791.25, 3960925.8361949497
72350382000194, 404241, RS, COOPERATIVA DOS USUÁRIOS DE SERVIÇOS DE SAÚDE DO VALE DO RIO DOS SINOS LTDA, Autogestão, 23086958.64, 7695652.88, 3109161.8265774525
42855999000109, 359033, MG, UNIMED TRÊS CORAÇÕES COOPERATIVA DE TRABALHO MÉDICO LTDA, Cooperativa Médica, 23070544.47, 7690181.49, 3490909.4508172
38272479000198, 422584, BA, PB ASSISTENCIA MEDICA EU LTDA, Medicina de Grupo, 23011892.05, 7670630.68, 4139044.9953542007
11076382000153, 418137, BA, UNIX SAÚDE S.A, Medicina de Grupo, 22707678.60, 7569226.20, 3386673.651086981
47565155000139, 342343, SP, UNIMED DE PINDAMONHANGABA - COOPERATIVA TRABALHO MEDICO, Cooperativa Médica, 22400612.31, 7466870.77, 3007849.6743697166
00200720000109, 410608, SP, ASSOCIACAO POLICIAL DE ASSISTENCIA A SAUDE DE PRESIDENTE PRUDENTE (APAS), Autogestão, 22252346.57, 7417448.86, 3348272.142572196
64327059000171, 315648, MG, UNIMED CATAGUASES COOPERATIVA DE TRABALHO MÉDICO LTDA, Cooperativa Médica, 22099720.48, 7366573.49, 2950210.2880494245
29910807000143, 421359, ES, RIO DOCE SAÚDE, Medicina de Grupo, 21997791.51, 7332597.17, 3287477.890326615
12923462000160, 361569, PB, UNIODONTO DE JOÃO PESSOA COOPERATIVA ODONTOLÓGICA, Cooperativa odontológica, 21831293.23, 7277097.74, 2662865.960392988
80525652000189, 308811, PR, UNIMED VALE DO PIQUIRI-COOPERATIVA DE TRABALHO MÉDICO VALE DO PIQUIRI, Cooperativa Médica, 21827078.69, 7275692.90, 3241299.9907406922
25205234000104, 420271, SP, R.M.I. OPERADORA DE SAÚDE INTEGRADA LTDA, Medicina de Grupo, 21729408.96, 10864704.48, 2371241.5199999996
49955478000164, 423629, MG, AURORA SAÚDE LTDA, Medicina de Grupo, 21607231.85, 7202410.62, 3697356.3413310833
25910449000118, 331651, MG, UNIMED ARAXÁ COOPERATIVA DE TRABALHO MÉDICO LTDA, Cooperativa Médica, 21497047.43, 7165682.48, 3196214.4783567204
41248894000110, 422835, SP, VIDA TOP MAIS SAÚDE OPERADORA DE PLANOS DE SAÚDE LTDA, Medicina de Grupo, 21383553.76, 7127851.25, 3544628.90470426
67577171000159, 309524, SP, UNIMED DE MONTE ALTO - COOPERATIVA DE TRABALHO MÉDICO, Cooperativa Médica, 21096714.47, 7032238.16, 3371744.4209980066
69612158000119, 313475, PI, UNIMED REGIONAL DE PICOS - COOPERATIVA DE TRABALHO MÉDICO, Cooperativa Médica, 20973240.56, 6991080.19, 2927552.205471947
03637776000105, 410888, SP, FILOSANITAS SAUDE LTDA, Medicina de Grupo, 20658724.05, 6886241.35, 3173205.427163122
57149775000140, 353027, SP, UNIMED SUL PAULISTA - COOPERATIVA DE TRABALHO MÉDICO, Cooperativa Médica, 20652906.32, 6884302.11, 2924079.0286285426
89761670000134, 333867, RS, ASSOCIAÇAO UNISAUDE MARAU, Medicina de Grupo, 20217150.39, 6739050.13, 2741337.0880091246
81733115000197, 354627, PR, UNIMED DE CIANORTE - COOPERATIVA DE TRABALHO MEDICO, Cooperativa Médica, 20164688.22, 6721562.74, 2823308.6665596897
40223893000159, 310981, SP, ODONTO EMPRESAS CONVENIOS DENTARIOS LTDA, Odontologia de Grupo, 20022303.90, 6674101.30, 2896577.358305497
70523899000102, 370975, MT, UNIMED VALE DO JAURU COOPERATIVA DE TRABALHO MÉDICO, Cooperativa Médica, 19928119.81, 6642706.60, 2691930.1533524776
00444803000135, 409413, SP, ASSOCIAÇÃO POLICIAL DE ASSISTÊNCIA A SAÚDE, Autogestão, 19895339.65, 6631779.88, 2825743.636066627
68204486000113, 314781, SP, UNIMED DE DRACENA - COOPERATIVA DE TRABALHO MÉDICO, Cooperativa Médica, 19892101.25, 6630700.42, 2743265.36484574
92240605000178, 304212, RS, ON MED ASSISTÊNCIA MÉDICA LTDA, Medicina de Grupo, 19762816.07, 6587605.36, 4073620.955976326
02751464000165, 389854, DF, ODONTOGROUP SISTEMA DE SAÚDE LTDA, Odontologia de Grupo, 19061950.20, 6353983.40, 2779032.6735120034
49792664000120, 423718, PA, SUL DO PARÁ LTDA, Medicina de Grupo, 18723037.72, 6241012.57, 1688933.5577740145
89640452000141, 350648, RS, UNIMED REGIÃO DA CAMPANHA/RS - COOPERATIVA DE ASSISTÊNCIA À SAÚDE LTDA, Cooperativa Médica, 18380416.93, 6126805.64, 3050104.81381491
59007799000190, 360783, SP, ASSOCIACAO DE SAUDE HOLAMBRA, Medicina de Grupo, 18262619.68, 6087539.89, 2768583.619275401
00856424000152, 389358, SP, CARE PLUS ODONTOLOGIA ASSISTENCIAL LTDA, Odontologia de Grupo, 18232573.80, 6077524.60, 3381134.626304377
84112481000117, 313971, AM, FEDERAÇÃO DAS SOCIEDADES COOPERATIVAS DE TRABALHO MÉDICO DO ACRE, AMAPÁ, AMAZONAS, PARÁ, RONDONIA E RORAIMA, Cooperativa Médica, 18153972.35, 18153972.35, 0.0
42936518000181, 386901, MG, UNIMED LEOPOLDINA COOPERATIVA DE TRABALHO MÉDICO LTDA, Cooperativa Médica, 18046453.60, 6015484.53, 2254068.8007907625
14408631000159, 418501, MG, FUNDAÇÃO PLAMHUV - PLANO MÉDICO HOSPITALAR DOS HOSPITAIS UNIDOS DE VIÇOSA, Medicina de Grupo, 17453167.64, 5817722.55, 2743422.363365891
02248344000140, 371564, MG, UNIMED FRUTAL COOPERATIVA DE TRABALHO MEDICO LTDA, Cooperativa Médica, 17326908.78, 5775636.26, 2573598.211812041
66453168000160, 327352, MG, UNIMED SÃO SEBASTIÃO DO PARAÍSO COOPERATIVA DE TRABALHO MÉDICO, Cooperativa Médica, 17317119.83, 5772373.28, 2163260.3090945194
04911101000175, 414662, PR, VIVENTERIS LTDA, Odontologia de Grupo, 17169346.05, 5723115.35, 2607508.336132659
48717516000188, 385620, SP, UNIMED DE LORENA COOPERATIVA DE TRABALHO MÉDICO, Cooperativa Médica, 16746210.62, 5582070.21, 2427542.1714560958
59499251000105, 366340, SP, UNIMED DE CAPIVARI -COOPERATIVA DE TRABALHO MÉDICO, Cooperativa Médica, 16263720.43, 5421240.14, 2369476.950882891
00262338000111, 311944, SP, UNIMED DE ADAMANTINA-COOPERATIVA DE TRABALHO MÉDICO, Cooperativa Médica, 16199623.09, 5399874.36, 1809120.1116018356
04503249000170, 388092, AM, ASSOCIAÇÃO DOS FUNCIONÁRIOS FISCAIS DO ESTADO DO AMAZONAS - AFFEAM, Autogestão, 16105561.46, 5368520.49, 2943283.6962926057
21205801000163, 419851, SC, CAIXA DE ASSISTÊNCIA À SAÚDE DOS TRABALHADORES NAS INDÚSTRIAS METALÚRGICAS, MECÂNICAS E DO MATERIAL ELÉTRICO DE BRUSQUE, Autogestão, 16075006.69, 5358335.56, 2392897.4376472295
03627391000167, 411809, RS, SOCIEDADE DE ASSISTÊNCIA MÉDICA - SAMEISA, Autogestão, 16028959.92, 5342986.64, 2241050.1084919022
23031479000129, 311391, AM, UNIODONTO DE MANAUS - COOPERATIVA ODONTOLÓGICA LTDA, Cooperativa odontológica, 15949924.36, 5316641.45, 2143306.303806245
25471574000179, 370088, MG, UNIMED SÃO LOURENÇO COOPERATIVA DE TRABALHO MÉDICO, Cooperativa Médica, 15862140.11, 5287380.04, 2132507.150449933
01052203000194, 347825, RJ, CAIXA ASSISTENCIAL UNIVERSITARIA DO RIO DE JANEIRO, Autogestão, 15839831.16, 5279943.72, 2182631.937606153
23278898000160, 333875, MG, IRMANDADE DA SANTA CASA DE MISERICÓRDIA DE PASSOS, Filantropia, 15759462.65, 5253154.22, 2198370.409536223
53454617000143, 402001, SP, SISTEMA TOTAL DE SAÚDE LTDA, Medicina de Grupo, 15238190.45, 5079396.82, 2116947.12794837
71753297000104, 408263, SP, ASSOCIAÇÃO POLICIAL DE ASSISTENCIA À SAUDE DE SAO JOAO DA BOA VISTA, Autogestão, 15145481.48, 5048493.83, 2276574.224560919
00730439000170, 353876, MG, UNIMED PONTAL DO TRIÂNGULO - COOPERATIVA DE TRABALHO MÉDICO, Cooperativa Médica, 14893586.98, 4964528.99, 2103901.078040601
08315806000180, 336467, PB, UNIMED PATOS - COOPERATIVA DE TRABALHO MÉDICO, Cooperativa Médica, 14871753.21, 4957251.07, 2346129.332505388
03013779000178, 421871, PR, ANGELI SISTEMAS DE SAUDE S.A, Medicina de Grupo, 14770756.73, 4923585.58, 2161458.8042507283
03044492000105, 363189, RS, HOSPITAL S.P. LTDA, Medicina de Grupo, 14653029.62, 4884343.21, 1883430.0930561067
29167970000168, 309028, RJ, ASSOCIAÇÃO DOS SERVIDORES MUNICIPAIS, ESTADUAIS E FEDERAIS DO RIO DE JANEIRO, Medicina de Grupo, 14572819.72, 4857606.57, 2214925.400844697
08787782000162, 416525, RJ, PRIMA VIDA ODONTOLOGIA DE GRUPO LIMITADA, Odontologia de Grupo, 14550524.61, 4850174.87, 1910681.6679559287
64388812000139, 364070, MG, UNIMED TRÊS PONTAS - COOPERATIVA DE TRABALHO MÉDICO, Cooperativa Médica, 14147645.74, 4715881.91, 2024267.180150289
71064539000152, 324175, MG, UNIMED SUDOESTE DE MINAS COOPERATIVA DE TRABALHO MÉDICO, Cooperativa Médica, 14025151.54, 4675050.51, 2046815.3854814926
03613857000175, 410624, MG, CONFIANÇA ASSISTÊNCIA MÉDICO HOSPITALAR LTDA, Medicina de Grupo, 13747252.91, 4582417.64, 1927127.5835903464
69289171000189, 320510, SP, ATÍVIA SERVIÇOS DE SAÚDE S/A, Medicina de Grupo, 13601791.31, 6800895.66, 1132946.4049999998
17143876000190, 304531, MG, AME-ASSISTÊNCIA MÉDICA A EMPRESAS LTDA, Medicina de Grupo, 13589251.87, 4529750.62, 1832978.1831342059
19512026000147, 419974, RJ, PLAMESC PLANOS DE SAÚDE LTDA, Medicina de Grupo, 13515656.30, 4505218.77, 1801230.001727382
71186886000158, 327638, MG, UNIMED SÃO JOÃO NEPOMUCENO COOPERATIVA DE TRABALHO MÉDICO LTDA, Cooperativa Médica, 13238813.41, 4412937.80, 1785261.2016081067
00012698000165, 323004, SP, UNIMED DE PENAPOLIS - COOPERATIVA DE TRABALHO MEDICO, Cooperativa Médica, 13216771.00, 4405590.33, 2084048.9849707172
13816250000146, 418226, RJ, OPLAN SAÚDE OPERADORA DE PLANO DE SAÚDE LTDA, Medicina de Grupo, 13128125.09, 4376041.70, 2159108.1961449804
72547623000190, 306045, SP, SANTA CASA DE MISERICÓRDIA DE TUPÃ, Filantropia, 13047552.28, 4349184.09, 1682919.1231937245
73565319000138, 409634, PR, ASSOCIACAO CIVIL PRÓ-SAÚDE DOS SERVIDORES DA UNIVERSIDADE ESTADUAL DE PONTA GROSSA, Medicina de Grupo, 13021773.81, 4340591.27, 1887070.1730663101
05774975000190, 414701, SE, SERVDONTO - PLANO DE ASSISTÊNCIA ODONTOLÓGICA LTDA, Odontologia de Grupo, 12699199.11, 4233066.37, 1837441.3191703332
03990914000135, 412996, BA, ORALE ASSISTÊNCIA ODONTOLÓGICA LTDA, Odontologia de Grupo, 12617613.99, 4205871.33, 1719226.7180788612
23557177000199, 420123, SP, ASSOCIAÇÃO UNIVIDA SANTA RITA DO PASSA QUATRO, Medicina de Grupo, 12477569.86, 4159189.95, 1695530.3424999989
70094578000130, 390259, PB, COMSEDER - COOPERATIVA DE ASSISTÊNCIA MÉDICA DOS SERVIDORES DA SUPLAN E DO DER LTDA, Autogestão, 12363338.18, 4121112.73, 1723199.3633285942
44595858000111, 314315, SP, UNIODONTO DO BRASIL CENTRAL NACIONAL DAS COOPERATIVAS ODONTÓLOGICAS, Cooperativa odontológica, 12292281.62, 4097427.21, 2046694.6656253587
02192677000102, 342157, GO, UNIMED MORRINHOS COOPERATIVA DE TRABALHO MEDICO, Cooperativa Médica, 12280530.92, 4093510.31, 2080260.0031187946
86483542000188, 337561, MG, UNIMED VALE DO CARANGOLA COOPERATIVA DE TRABALHO MEDICO LTDA, Cooperativa Médica, 12222795.98, 4074265.33, 1843087.1277172212
69015113000167, 347604, SP, UNIODONTO DE AMERICANA COOPERATIVA ODONTOLÓGICA, Cooperativa odontológica, 11931223.88, 3977074.63, 1784728.4267343706
42465310000121, 316849, RJ, TELOS - FUNDAÇÃO EMBRATEL DE SEGURIDADE SOCIAL, Autogestão, 11861210.63, 3953736.88, 2053108.7142596962
12049486000131, 418617, PR, ASSOCIAÇÃO PARANAENSE DE ASSISTÊNCIA À SAUDE DOS MEMBROS DO MINISTERIO PUBLICO DO PARANÁ, Autogestão, 11470734.83, 3823578.28, 1585806.383290597
03548273000163, 411868, MG, MEDIC GLOBAL PLANOS DE SAÚDE LTDA, Medicina de Grupo, 11430260.34, 3810086.78, 1898506.8879234947
71565659000133, 406635, SP, ASSOCIACAO POLICIAL DE ASSISTENCIA A SAUDE DE ITAPETININGA, Autogestão, 11345886.48, 3781962.16, 1635397.6771415991
17333055000116, 370568, MG, UNIODONTO UBERABA - COOPERATIVA DE ASSISTÊNCIA À SAÚDE ODONTOLÓGICA LTDA, Cooperativa odontológica, 11128580.90, 3709526.97, 1809626.5001783883
37319040000100, 422487, SP, VOCÊ TOTAL PLANOS DE SAÚDE LIMITADA, Medicina de Grupo, 11064923.09, 5532461.55, 1317082.165
14576780000127, 419753, MG, MEDGOLD ASSISTENCIA MEDICA LTDA - ME, Medicina de Grupo, 10572720.72, 3524240.24, 1507198.7692323874
58702853000155, 334243, SP, UNIODONTO DE SOROCABA COOPERATIVA ODONTOLÓGICA, Cooperativa odontológica, 10559836.65, 3519945.55, 1581267.0395242926
02858169000102, 305928, SP, NOSAMED ASSISTÊNCIA MÉDICA LTDA, Medicina de Grupo, 10554179.93, 3518059.98, 1546201.5069088012
27113113000150, 420981, DF, S1 OPERADORA DE PLANO DE SAÚDE LTDA, Medicina de Grupo, 10316358.72, 3438786.24, 1558273.7423236975
30505523000150, 365645, SP, DONA SAÚDE CLINICAS LTDA, Medicina de Grupo, 10212157.60, 3404052.53, 138415.93085714206
72916364000127, 407569, SP, ASSOCIAÇÃO POLICIAL DE ASSISTÊNCIA À SAÚDE DE BARRETOS, Autogestão, 10176933.45, 3392311.15, 1379427.8228732005
86584901000193, 354678, MG, UNIMED MACHADO COOPERATIVA DE TRABALHO MEDICO, Cooperativa Médica, 10131689.30, 3377229.77, 1463666.1227280165
96182068000108, 354619, SP, UNIMED DE SAO JOSÉ DO RIO PARDO-COOP. DE TRAB. MÉDICO, Cooperativa Médica, 10049956.82, 3349985.61, 1371789.1284777361
24294787000100, 343153, PB, UNIMED SOUSA - COOPERATIVA DE TRABALHO MÉDICO, Cooperativa Médica, 9973433.78, 3324477.93, 1158936.6091628794
22263081000155, 314706, MG, HOSPITAL CESAR LEITE, Filantropia, 9939400.23, 3313133.41, 1469349.54417741
51628360000173, 417475, SP, PRONTO SOCORRO CONDE DE MOREIRA LIMA, Medicina de Grupo, 9841961.58, 3280653.86, 1582699.3910438372
47432143000136, 423441, DF, PLENUM ASSISTENCIA MEDICA  LTDA, Medicina de Grupo, 9685780.09, 4842890.05, 1554398.5350000001
36263502000152, 422304, RJ, CARING SAÚDE ASSISTÊNCIA MÉDICA LTDA, Medicina de Grupo, 9487688.25, 3162562.75, 1397989.7951823142
02149799000108, 382655, SP, UNIODONTO VALE HISTORICO COOPERATIVA ODONTOLOGICA, Cooperativa odontológica, 9479478.26, 3159826.09, 1463606.9355519316
01012474000116, 343722, MG, UNIMED PONTE NOVA COOPERATIVA DE TRABALHO MEDICO LTDA, Cooperativa Médica, 9420468.97, 3140156.32, 1541102.9820043442
02018620000183, 344788, MS, UNIMED DE CORUMBA COOPERATIVA DE TRABALHO MÉDICO, Cooperativa Médica, 9411530.87, 3137176.96, 1595832.7854563415
65442162000125, 316997, SP, UNIODONTO DE ARARAQUARA COOPERATIVA ODONTOLÓGICA, Cooperativa odontológica, 9303299.13, 3101099.71, 1341351.2494445841
96396395000162, 361593, SP, UNIODONTO PAULISTA-FEDERAÇÃO DAS COOPERATIVAS ODONTOLÓGICAS DO ESTADO DE SÃO PAULO, Cooperativa odontológica, 9241282.53, 3080427.51, 1401433.2488020628
78304672000188, 414026, PR, CAIXA BENEFICENTE DOS FUNCIONÁRIOS DO GRUPO IGUAÇU, Autogestão, 9183581.30, 3061193.77, 1183229.8094858765
04222235000189, 414654, RJ, SEMPRE ODONTO PLANOS ODONTOLOGICOS LTDA, Odontologia de Grupo, 9171455.43, 3057151.81, 1282749.0736579136
37256591000172, 358339, GO, UNIODONTO DO SUL GOIANO COOPERATIVA ODONTOLOGICA, Cooperativa odontológica, 9103393.15, 3034464.38, 1223932.1249428475
02513939000185, 363391, MG, PLANO ASSISTENCIAL SÃO LUCAS LTDA, Medicina de Grupo, 9089837.89, 3029945.96, 1294125.3817762777
06814351000112, 418749, MG, CEDPLAN SAÚDE LTDA EPP, Medicina de Grupo, 9055443.25, 3018481.08, 1345716.7167548318
00747041000146, 302228, GO, UNIMED VALE DO CORUMBÁ COOPERATIVA DE TRABALHO MEDICO, Cooperativa Médica, 8967713.71, 2989237.90, 1396607.7500790989
03187913000157, 414387, CE, ODONTOART PLANOS ODONTOLÓGICOS LTDA, Odontologia de Grupo, 8763311.74, 2921103.91, 1255401.4775575853
20160828000114, 419591, PA, ASSOCIAÇÃO DOS SERVIDORES PÚBLICOS DA ADMINISTRAÇÃO DIRETA DO GOVERNO DO ESTADO DO PARÁ - ASPARÁ, Autogestão, 8557791.68, 2852597.23, 1211497.3141369312
01143922000110, 350346, MT, UNIMED CACERES COOPERATIVA DE TRABALHO MÉDICO, Cooperativa Médica, 8486220.53, 2828740.18, 1267738.6530723346
80297161000128, 358282, PR, UNIMED NORTE DO PARANÁ COOPERATIVA REGIONAL DE TRABALHO MÉDICO, Cooperativa Médica, 8415505.14, 2805168.38, 1094598.715166032
11565995000154, 417491, SP, PORTOMED - PORTO SEGURO SERVIÇOS DE SAUDE LTDA, Medicina de Grupo, 8225856.38, 2741952.13, 2263769.7436197046
03494031000134, 409791, MG, COOPERATIVA ODONTOLÓGICA POÇOS DE CALDAS, Cooperativa odontológica, 8219803.13, 2739934.38, 1097154.8742745689
01367538000100, 381144, PR, UNIODONTO MARINGA COOPERATIVA ODONTOLOGICA, Cooperativa odontológica, 8210641.69, 2736880.56, 1197156.767859148
59527440000144, 347795, SP, UNIODONTO DE JUNDIAÍ COOPERATIVA ODONTOLÓGICA, Cooperativa odontológica, 8163042.99, 2721014.33, 1179199.070066744
30724638000136, 421618, SP, ASSOCIAÇÃO HOSPITAL SAÚDE DE VARGEM GRANDE DO SUL, Medicina de Grupo, 8153065.38, 2717688.46, 1071605.8416629303
02580965000126, 370711, ES, UNIODONTO ESPIRITO SANTO COOPERATIVA ODONTOLOGICA, Cooperativa odontológica, 8132345.24, 2710781.75, 1197728.5620701937
00648506000101, 411248, SP, ASSOCIAÇÃO POLICIAL DE ASSISTÊNCIA À SAÚDE DE PRESIDENTE VENCESLAU, Autogestão, 8030884.31, 2676961.44, 1109096.2928213982
25335803000128, 322326, MG, ASSOCIAÇÃO BENEFICENTE CATÓLICA, Filantropia, 7976492.42, 2658830.81, 1106148.959052036
02156150000114, 322890, SP, DENTALPAR ASSISTÊNCIA ODONTOLÓGICA EMPRESARIAL LTDA, Odontologia de Grupo, 7700770.33, 2566923.44, 1152248.5780014761
13026081000140, 418129, MS, FUNDO DE ASSISTÊNCIA MÉDICO-HOSPITALAR DO MINISTÉRIO PÚBLICO, Autogestão, 7622529.27, 2540843.09, 1393494.1310562035
00532888000103, 353698, RS, UNIMED REGIÃO DA PRODUÇÃO/RS - COOPERATIVA DE ASSISTÊNCIA À SAÚDE LTDA, Cooperativa Médica, 7608959.57, 2536319.86, 1268923.7229488022
03219363000100, 407224, SP, SEPACO SAÚDE LTDA, Medicina de Grupo, 7436208.47, 2478736.16, 1107450.6145329552
04430627000133, 415987, SE, PLANO VIDA SAUDE SERVIÇOS ODONTOLOGICOS LTDA, Odontologia de Grupo, 7327244.72, 2442414.91, 1170958.793924341
18987107000130, 311472, MG, CEAM BRASIL - PLANOS DE SAÚDE LTDA, Medicina de Grupo, 7082409.95, 7082409.95, 0.0
41929347000109, 422959, BA, PRESERVE SAUDE ASSISTENCIA MEDICA LTDA, Medicina de Grupo, 7039332.92, 2346444.31, 951361.0230378638
03694367000140, 413283, SP, AESP ODONTO ASSISTÊNCIA ODONTOLÓGICA S/S LTDA EPP, Odontologia de Grupo, 6953690.28, 2317896.76, 1089565.030400884
02254846000183, 365785, AP, COOPERATIVA ODONTOLÓGICA DO ESTADO DO AMAPÁ, Cooperativa odontológica, 6934095.89, 2311365.30, 1002506.6736905862
35908607000159, 319872, RJ, CAMIM OPERADORA DE PLANO DE SAÚDE LTDA, Medicina de Grupo, 6841382.25, 2280460.75, 921207.0490579439
35436658000125, 339458, PB, DENTAL CENTER LTDA, Odontologia de Grupo, 6778546.94, 2259515.65, 959476.5004727459
52657079000121, 313149, SP, UNIMED DE BATATAIS - COOPERATIVA DE TRABALHO MÉDICO, Cooperativa Médica, 6654228.98, 2218076.33, 1039670.7422088712
07154253000169, 415243, SP, RODRIGUES LEIRA ODONTOLOGIA LTDA, Odontologia de Grupo, 6647164.85, 2215721.62, 963965.980570659
28953753000130, 421634, RJ, SD-M OPERADORA DE PLANOS DE SAUDE LTDA, Medicina de Grupo, 6579997.80, 2193332.60, 959104.2275570739
33601568000117, 344184, GO, CAIXA DE ASSISTÊNCIA DOS EMPREGADOS DO SETOR PÚBLICO DO ESTADO DE GOIÁS - CAEME, Autogestão, 6462769.79, 2154256.60, 998323.1315986547
82239476000144, 350770, PR, UNIODONTO DE LONDRINA COOP. ODONTOLÓGICA, Cooperativa odontológica, 6362200.73, 2120733.58, 924085.1605957513
13083167000105, 420093, SE, ASSOCIACAO DOS SERVIDORES DA EMDAGRO - ASSEM, Autogestão, 6298986.22, 2099662.07, 914553.9725517319
59766105000107, 406813, SP, ASSOCIAÇÃO POLICIAL DE ASSISTÊNCIA À SAÚDE, Autogestão, 6266089.16, 2088696.39, 876532.0968321705
66493339000185, 408093, SP, ASSOCIAÇÃO POLICIAL DE ASSISTENCIA A SAUDE DE BOTUCATU, Autogestão, 6158295.31, 2052765.10, 1131601.5310780269
11336728000105, 418218, RS, ASSOCIAÇÃO SAÚDE RURAL ALEGRETE, Medicina de Grupo, 6097337.13, 2032445.71, 1099431.5318191983
66491036000123, 408034, SP, ASSOCIAÇÃO POLICIAL DE ASSISTÊNCIA À SAÚDE DE JAÚ, Autogestão, 6045932.07, 2015310.69, 700671.1959808411
04212174000179, 413747, AL, DENTAL MASTER LTDA - EPP, Odontologia de Grupo, 6039051.68, 2013017.23, 808164.2073124918
00841848000143, 423203, SP, ASSOCIAÇÃO POLICIAL DE ASSISTÊNCIA À SAÚDE APAS, Autogestão, 6014959.72, 2004986.57, 486391.74265855254
42425561000182, 340162, RJ, SAMIG - SERV. DE ASSISTENCIA MEDICA DA ILHA DO GOVERNADOR LTDA, Medicina de Grupo, 6002742.83, 2000914.28, 559190.094441987
29754208000188, 424048, PE, VALE PLANOS DE SAÚDE LTDA, Medicina de Grupo, 5974993.62, 1991664.54, 1324747.9200933601
42939207000176, 367613, MG, UNIMED CAMPO BELO- COOPERATIVA DE TRABALHO MÉDICO, Cooperativa Médica, 5971519.31, 1990506.44, 793967.9804877371
02314168000105, 344141, PB, UNIMED CAJAZEIRAS - SOCIEDADE COOPERATIVA DE TRABALHO MÉDICO, Cooperativa Médica, 5911532.62, 1970510.87, 873500.2135683966
00172586000171, 336017, SP, UNIODONTO DE PRESIDENTE PRUDENTE COOPERATIVA ODONTOLOGICA, Cooperativa odontológica, 5814343.09, 1938114.36, 896766.4564240827
34063123000193, 325082, BA, UNIMED DO OESTE DA BAHIA COOPERATIVA DE TRABALHO MÉDICO, Cooperativa Médica, 5738994.88, 1912998.29, 1519992.5813554842
37652765000116, 334847, GO, UNIMED DE JATAÍ COOPERATIVA DE TRABALHO MÉDICO LTDA, Cooperativa Médica, 5594071.68, 1864690.56, 813877.3211045609
34907159000106, 422088, SP, ODONT-OPERADORA ODONTOLOGICA LTDA, Odontologia de Grupo, 5482595.26, 1827531.75, 811640.5113581485
22027346000116, 382281, MG, PLANO DE ASSISTÊNCIA MÉDICA MINEIRA LTDA, Medicina de Grupo, 5454944.78, 1818314.93, 1032047.0800398432
57272510000135, 406937, SP, ASSOCIAÇÃO POLICIAL DE ASSISTÊNCIA À SAÚDE, Autogestão, 5421171.10, 1807057.03, 756350.2152890976
10364053000145, 417831, SP, ODONTOLIVE OPERADORA DE PLANOS ODONTOLÓGICOS LTDA, Odontologia de Grupo, 5400142.79, 1800047.60, 825076.0625237979
03670297000190, 412015, RJ, MH VIDA - OPERADORA DE PLANOS DE SAÚDE LTDA, Medicina de Grupo, 5317549.60, 1772516.53, 814179.5081842206
01402285000150, 300730, PB, DENTAL GOLD ASSISTÊNCIA ODONTOLÓGICA LTDA, Odontologia de Grupo, 5304093.42, 1768031.14, 710220.6325181219
72120124000111, 305421, RS, UNIODONTO RS FEDERACAO DAS UNIODONTOS DO RGS LTDA, Cooperativa odontológica, 5205798.61, 1735266.20, 751756.9967685787
00571628000147, 314366, SP, DENTAL PLUS CONVÊNIO ODONTOLÓGICO LTDA, Odontologia de Grupo, 5136353.12, 1712117.71, 756044.8035131277
00531736000196, 343056, SP, UNIODONTO JACAREÍ COOPERATIVA ODONTOLÓGICA, Cooperativa odontológica, 5111703.59, 1703901.20, 761692.0171873939
00665690000106, 408026, SP, ASSOCIAÇÃO POLICIAL DE ASSISTÊNCIA À SAÚDE DE DRACENA, Autogestão, 5073883.16, 1691294.39, 766266.000515763
72234164000194, 352519, RS, UNIMED ALTO JACUÍ/RS - COOPERATIVA DE ASSISTÊNCIA À SAÚDE LTDA, Cooperativa Médica, 4889886.38, 1629962.13, 687965.7334823593
31097886000167, 421707, SP, PERSONAL CARE OPERADORA DE SAÚDE SA, Medicina de Grupo, 4726369.22, 2363184.61, 755321.6499999999
01476619000130, 301124, TO, UNIMED GURUPI COOPERATIVA DE TRABALHO MÉDICO, Cooperativa Médica, 4654033.16, 1551344.39, 626733.7192062123
00642842000147, 409405, SP, ASSOCIAÇÃO POLICIAL DE ASSISTÊNCIA À SAÚDE - VALE DO RIBEIRA, Autogestão, 4569225.78, 1523075.26, 581785.2446936545
40038813000195, 422746, SP, SALUSMED OPERADORA DE PLANOS DE SAUDE LTDA, Medicina de Grupo, 4502759.77, 1500919.92, 868169.1419752426
47325263000134, 423432, PE, ASSOC DE ASSIST À SAÚDE DOS SERV DAS UNIV E INST FED, EST E/OU FAC PART EM PE, Autogestão, 4415603.45, 1471867.82, 474237.7510411155
37354048000108, 422380, MG, YOU ASSISTÊNCIA MÉDICA LTDA, Medicina de Grupo, 4309234.67, 4309234.67, 0.0
25141173000150, 420816, SP, ASSOCIAÇÃO PADRE PIO PLANOS DE SAÚDE, Medicina de Grupo, 4060848.33, 1353616.11, 543417.4976597541
10796140000171, 417220, MG, ASSOCIAÇÃO SERVIÇOS ODONTOLÓGICOS DA INDÚSTRIA DE MINAS GERAIS - ODONTOINDUSTRIA, Odontologia de Grupo, 3896791.72, 1298930.57, 582403.046565743
44945962000199, 344915, SP, SANTA CASA DE MISERICÓRDIA E ASILO DOS POBRES DE BATATAIS, Filantropia, 3886087.61, 1295362.54, 432170.47263278795
06145428000109, 415081, PA, PORTO DIAS SAUDE LTDA, Medicina de Grupo, 3875873.32, 1291957.77, 629530.502115448
04234059000103, 413267, SP, PREVENT SENIOR CORPORATE OPERADORA DE SAÚDE LTDA, Medicina de Grupo, 3821941.67, 1273980.56, 448830.42719764396
02569472000195, 415910, SP, CENTRO DE ENDOCRINOLOGIA DE JUNDIAÍ S/S LTDA, Medicina de Grupo, 3710522.76, 1236840.92, 497287.68464537174
28023703000154, 407534, RJ, ÔNIX OPERADORA DE PLANOS DE SAÚDE LTDA, Medicina de Grupo, 3698906.93, 1232968.98, 584224.1342744987
02064028000118, 331104, SP, UNIODONTO DE PINDAMONHANGABA COOP ODONTOLOGICA, Cooperativa odontológica, 3695288.47, 1231762.82, 522000.8970287056
25906728000108, 419028, MG, COOPERATIVA DE TRABALHO ODONTOLOGICO - UNIODONTO ITAJUBÁ, Cooperativa odontológica, 3685011.55, 1228337.18, 571981.7124875509
00826676000139, 373109, SP, UNIODONTO DE SERTAOZINHO SP COOPERATIVA ODONTOLOGICA, Cooperativa odontológica, 3631929.54, 1815964.77, 434662.7399999999
10767219000174, 417106, BA, PLANO DE ASSISTÊNCIA ODONTOLÓGICA FAUCHARD LTDA. ME, Odontologia de Grupo, 3570147.87, 1190049.29, 520907.54741827
02009924000184, 407011, SP, GAMA SAUDE LTDA, Medicina de Grupo, 3548189.74, 1182729.91, 1308232.9138838928
43079723000130, 423548, MG, TOTAL ASSISTÊNCIA MÉDICA HOSPITALAR LTDA, Medicina de Grupo, 3327180.70, 1109060.23, 534906.0944260429
92911056000116, 382639, RS, ASSOCIAÇÃO DOS FISCAIS DE TRIBUTOS ESTADUAIS DO RS - AFISVEC, Autogestão, 3309476.21, 1103158.74, 546060.4592616282
10456692000130, 417131, BA, QUALIDONTO - QUALIDADE EM ODONTOLOGIA LTDA, Odontologia de Grupo, 3285732.18, 1095244.06, 553336.2364303167
29780384000194, 342955, RJ, HSMED SAUDE LTDA, Medicina de Grupo, 3114098.04, 1038032.68, 443645.89932234836
03123146000112, 402966, SP, BIO SAÚDE SERVIÇOS MÉDICOS LTDA, Medicina de Grupo, 3113997.81, 1037999.27, 485840.8000614464
37496767000163, 343404, MT, UNIODONTO DE MATO GROSSO COOP TRAB ODONTOLOGICO LTDA, Cooperativa odontológica, 2862096.30, 954032.10, 407900.00370228617
14891935000110, 419281, SP, ODONTO SEG OPERADORA DE PLANOS ODONTOLOGICOS S.A, Odontologia de Grupo, 2677508.66, 892502.89, 322552.3191503148
27047334000177, 421723, RJ, HEALTH-MED SISTEMA DE SAUDE LTDA, Medicina de Grupo, 2667189.82, 889063.27, 364608.23193906876
36186642000174, 422355, MG, PD BRASIL ASSISTENCIA ODONTOLOGICA LTDA, Odontologia de Grupo, 2609214.59, 869738.20, 460125.2017312989
41369935000127, 415901, MA, SAME-SERVIÇO DE ASSISTÊNCIA MÉDICA EMPRESARIAL LTDA, Medicina de Grupo, 2040711.81, 680237.27, 265847.7324197866
77893469000121, 420930, PR, HOSPITAL DE CARIDADE SÃO VICENTE DE PAULO, Filantropia, 2026490.14, 675496.71, 26872.98039311795
24729097000136, 408522, MG, SANTA CASA DA MISERICÓRDIA DE SÃO JOÃO DEL REI, Filantropia, 1999603.90, 666534.63, 254942.5108499478
01672007000112, 333239, CE, SISTEMA PREVSAUDE DENTAL LTDA, Odontologia de Grupo, 1904292.80, 634764.27, 253630.7949859519
40246859000108, 422754, SP, ODILE SERVIÇOS DE SAÚDE LTDA, Medicina de Grupo, 1893381.61, 631127.20, 268939.9483722273
09237009000195, 324213, PB, UNIMED NORTE/NORDESTE-FEDERAÇÃO INTERFEDERATIVA DAS SOCIEDADES COOPERATIVAS DE TRABALHO MÉDICO EM RECUPERAÇÃO JUDICIAL, Cooperativa Médica, 1890414.18, 630138.06, 266944.6530542518
19304091000187, 419524, SP, SORRIDEN CONVÊNIOS ODONTOLÓGICOS S.A, Odontologia de Grupo, 1820679.38, 606893.13, 221521.61825528473
05455431000166, 327328, CE, CASA DE SAÚDE NOSSA SENHORA DE FÁTIMA  LTDA, Medicina de Grupo, 1808567.00, 602855.67, 264480.6964680451
48982275000102, 423572, RO, INNOVA PLANO DE SAUDE LTDA, Medicina de Grupo, 1723509.58, 861754.79, 554300.46
02919940000104, 417840, RS, NOVODENTE S/A, Odontologia de Grupo, 1671197.84, 1671197.84, 0.0
69099307000198, 397245, SP, CROWN ODONTOLOGIA DE GRUPO LTDA, Odontologia de Grupo, 1643197.91, 547732.64, 244798.80108382346
28310835000167, 421367, PR, MEDHEALTH PLANOS DE SAÚDE LTDA, Medicina de Grupo, 1461162.90, 1461162.90, 0.0
54557861000102, 424170, ES, BLUZZ SAÚDE S/A, Medicina de Grupo, 1400169.33, 466723.11, 432571.90869748074
22709109000135, 421189, MG, BENEFICENCIA SOCIAL BOM SAMARITANO, Filantropia, 1395237.69, 465079.23, 216600.33421895746
42785902000120, 423564, MT, INFINITY SAÚDE SUPLEMENTAR LTDA, Medicina de Grupo, 1389787.13, 463262.38, 267978.49402041716
31596055000130, 421561, TO, BRASIL ODONTO OPERADORA DE PLANOS ODONTOLÓGICOS LTDA, Odontologia de Grupo, 1257338.90, 419112.97, 156234.4383899063
04299994000140, 413551, MG, PLAMEDH - PLANO DE ASSISTÊNCIA MÉDICO-HOSPITALAR LTDA, Medicina de Grupo, 968119.57, 484059.79, 96811.95500000012
17048922000171, 418994, CE, ODONTO PRIME S/S LTDA, Odontologia de Grupo, 937985.75, 312661.92, 133059.20291359947
45568546000181, 423262, SP, ALMA ODONTO OPERADORA DE PLANOS ODONTOLOGICOS LTDA, Odontologia de Grupo, 761557.13, 253852.38, 89948.3702819232
29117294000118, 423408, SP, PLANO SIGMA SAÚDE LTDA, Medicina de Grupo, 758538.00, 379269.00, 2814.710000000021
53249803000140, 423912, SP, ASSISTÊNCIA MÉDICA 12 DE OUTUBRO LTDA, Medicina de Grupo, 696205.41, 232068.47, 115553.82223038867
93507895000136, 316903, RS, POLIMÉDICA SAÚDE SOCIEDADE SIMPLES LTDA, Medicina de Grupo, 682462.59, 227487.53, 99877.86784331586
68687722000108, 409286, RJ, G & M ASSESSORIA MEDICA EMPRESARIAL LTDA, Medicina de Grupo, 641495.63, 213831.88, 89986.03844916778
19031941000110, 420051, SP, SMART CARE SISTEMAS MÉDICOS E ODONTOLÓGICOS LTDA, Odontologia de Grupo, 537804.94, 268902.47, 0.0
31763326000102, 421642, ES, EXCELÊNCIA PLANO DE SAÚDE S/A, Medicina de Grupo, 523359.69, 261679.85, 235988.23500000004
45050963000138, 423181, BA, BEMSTAR ASSISTENCIA MEDICA LTDA, Medicina de Grupo, 462305.01, 154101.67, 22874.537914621724
13223975000120, 418072, SP, CAIXA SEGURADORA ESPECIALIZADA EM SAÚDE S/A, Seguradora Especializada em Saúde, 380771.07, 126923.69, 204507.52842670563
39149389000177, 422479, SP, LIVRI OPERADORA DE PLANO DE SAÚDE LTDA, Medicina de Grupo, 310429.39, 103476.46, 40411.64340236651
04839091000104, 414689, CE, FUNDO DE ASSISTÊNCIA À SAÚDE DOS FUNCIONÁRIOS DO BEC, Autogestão, 308790.66, 102930.22, 59767.90006737229
49481538000154, 423645, MG, SAUDIA ASSISTENCIA MÉDICA LTDA, Medicina de Grupo, 169463.07, 56487.69, 69225.53177951084
51262335000119, 415944, SP, CLÍNICA SÃO GABRIEL S/S LTDA, Medicina de Grupo, 141006.83, 47002.28, 19842.602821702432
51212821000122, 423815, MG, SAGRADA SAÚDE ASSISTÊNCIA MÉDICA LTDA, Medicina de Grupo, 110398.73, 36799.58, 29179.66122270385
97403778000183, 416410, MG, SOCIODONTO PLANO DE ASSISTÊNCIA ODONTOLÓGICA LTDA, Odontologia de Grupo, 62434.93, 31217.47, 25252.025000000496
01371135000126, 311057, MG, UNIMED VALE DO URUCUIA - COOPERATIVA DE TRABALHO MEDICO LTDA, Cooperativa Médica, 54050.71, 18016.90, 21534.633206814397
59452478000103, 424463, RO, SAUDE SALV ASSISTENCIA MEDICA LTDA, Medicina de Grupo, 35715.45, 35715.45, 0.0
05983170000157, 415936, SP, PLANO ODONTOLÓGICO DENTALVIDAS LTDA, Odontologia de Grupo, 29220.25, 9740.08, 3047.743773487747
00763923000103, 341819, MG, UNIMED ALTO PARANAIBA COOPERATIVA DE TRABALHO MEDICO, Cooperativa Médica, 10902.72, 3634.24, 12464.165501415115
41715325000138, 422941, SP, ARL ADMINISTRADORA DE BENEFÍCIOS LTDA, Administradora de Benefícios, 5680.00, 1893.33, 1338.7888390506796
04463083000106, 000884, SP, ITAUSEG SAÚDE S.A, Seguradora Especializada em Saúde, 842.69, 280.90, 397.24787563937963
01647867000104, 320838, MG, UNIMED INTRAFEDERATIVA FEDERAÇÃO REGIONAL SUL DE MINAS, Cooperativa Médica, 63.20, 21.07, 25.26992085464456
